Entity,Code,Year,Solar (% growth)
Africa,,2001,25.28264617919922
Africa,,2002,12.297558784484863
Africa,,2003,19.402599334716797
Africa,,2004,22.471296310424805
Africa,,2005,19.606006622314453
Africa,,2006,29.025114059448242
Africa,,2007,33.14860916137695
Africa,,2008,43.92790985107422
Africa,,2009,31.887710571289062
Africa,,2010,125.4730224609375
Africa,,2011,178.6782684326172
Africa,,2012,64.86909484863281
Africa,,2013,-20.665603637695312
Africa,,2014,141.7906494140625
Africa,,2015,71.13180541992188
Africa,,2016,65.226806640625
Africa,,2017,44.377471923828125
Africa,,2018,29.332387924194336
Africa,,2019,28.256166458129883
Africa,,2020,24.5419979095459
Africa,,2021,2.842247486114502
Africa (BP),,2001,25.28264617919922
Africa (BP),,2002,12.29754638671875
Africa (BP),,2003,19.40262222290039
Africa (BP),,2004,22.471284866333008
Africa (BP),,2005,19.606006622314453
Africa (BP),,2006,29.025114059448242
Africa (BP),,2007,33.14860916137695
Africa (BP),,2008,43.92790985107422
Africa (BP),,2009,31.88772201538086
Africa (BP),,2010,125.4730224609375
Africa (BP),,2011,178.6782684326172
Africa (BP),,2012,64.86909484863281
Africa (BP),,2013,-20.665603637695312
Africa (BP),,2014,141.7906494140625
Africa (BP),,2015,71.13180541992188
Africa (BP),,2016,65.226806640625
Africa (BP),,2017,44.377471923828125
Africa (BP),,2018,29.332387924194336
Africa (BP),,2019,28.256166458129883
Africa (BP),,2020,24.5419979095459
Africa (BP),,2021,2.842247486114502
Algeria,DZA,2011,99.10713195800781
Algeria,DZA,2012,47.48817825317383
Algeria,DZA,2013,7.023859024047852
Algeria,DZA,2014,109.79020690917969
Algeria,DZA,2015,-3.333336114883423
Algeria,DZA,2016,322.413818359375
Algeria,DZA,2017,105.71427154541016
Algeria,DZA,2018,19.642852783203125
Algeria,DZA,2019,1.990056037902832
Algeria,DZA,2020,11.38211441040039
Algeria,DZA,2021,-3.065699338912964
Argentina,ARG,1999,52.941165924072266
Argentina,ARG,2000,38.46154022216797
Argentina,ARG,2001,19.444442749023438
Argentina,ARG,2002,9.302330017089844
Argentina,ARG,2003,38.29786682128906
Argentina,ARG,2004,7.692313194274902
Argentina,ARG,2005,15.714275360107422
Argentina,ARG,2006,11.111116409301758
Argentina,ARG,2007,21.000003814697266
Argentina,ARG,2008,31.955921173095703
Argentina,ARG,2009,-47.0535888671875
Argentina,ARG,2010,12.888395309448242
Argentina,ARG,2011,1779.147705078125
Argentina,ARG,2012,406.3796081542969
Argentina,ARG,2013,84.43827819824219
Argentina,ARG,2014,5.770981311798096
Argentina,ARG,2015,-7.908934593200684
Argentina,ARG,2016,-2.792346477508545
Argentina,ARG,2017,15.021371841430664
Argentina,ARG,2018,558.646484375
Argentina,ARG,2019,639.57080078125
Argentina,ARG,2020,68.10822296142578
Argentina,ARG,2021,63.316871643066406
Asia,,1991,0
Asia,,1992,287.4999694824219
Asia,,1993,83.87098693847656
Asia,,1994,26.315773010253906
Asia,,1995,37.528072357177734
Asia,,1996,46.55716323852539
Asia,,1997,60.370018005371094
Asia,,1998,43.78739547729492
Asia,,1999,46.82542037963867
Asia,,2000,55.38718795776367
Asia,,2001,45.2204475402832
Asia,,2002,39.04616928100586
Asia,,2003,36.65736770629883
Asia,,2004,32.036624908447266
Asia,,2005,27.153133392333984
Asia,,2006,24.044084548950195
Asia,,2007,19.949161529541016
Asia,,2008,21.273983001708984
Asia,,2009,29.204320907592773
Asia,,2010,42.070533752441406
Asia,,2011,76.60194396972656
Asia,,2012,50.5528678894043
Asia,,2013,87.70832061767578
Asia,,2014,102.9685287475586
Asia,,2015,54.19198226928711
Asia,,2016,51.13967514038086
Asia,,2017,57.48326873779297
Asia,,2018,42.622039794921875
Asia,,2019,26.135433197021484
Asia,,2020,19.37708854675293
Asia,,2021,23.945785522460938
Asia Pacific (BP),,1991,136.24996948242188
Asia Pacific (BP),,1992,192.06349182128906
Asia Pacific (BP),,1993,56.159423828125
Asia Pacific (BP),,1994,23.897911071777344
Asia Pacific (BP),,1995,32.322288513183594
Asia Pacific (BP),,1996,38.919437408447266
Asia Pacific (BP),,1997,49.77030944824219
Asia Pacific (BP),,1998,38.025535583496094
Asia Pacific (BP),,1999,41.07441711425781
Asia Pacific (BP),,2000,49.68021011352539
Asia Pacific (BP),,2001,42.01365661621094
Asia Pacific (BP),,2002,36.25351333618164
Asia Pacific (BP),,2003,34.67075729370117
Asia Pacific (BP),,2004,31.096506118774414
Asia Pacific (BP),,2005,26.558231353759766
Asia Pacific (BP),,2006,23.673831939697266
Asia Pacific (BP),,2007,19.958995819091797
Asia Pacific (BP),,2008,21.171676635742188
Asia Pacific (BP),,2009,31.59986686706543
Asia Pacific (BP),,2010,53.760433197021484
Asia Pacific (BP),,2011,80.49748229980469
Asia Pacific (BP),,2012,44.318450927734375
Asia Pacific (BP),,2013,84.47563934326172
Asia Pacific (BP),,2014,94.44840240478516
Asia Pacific (BP),,2015,51.863826751708984
Asia Pacific (BP),,2016,48.296058654785156
Asia Pacific (BP),,2017,55.26366424560547
Asia Pacific (BP),,2018,40.614234924316406
Asia Pacific (BP),,2019,26.053131103515625
Asia Pacific (BP),,2020,19.58489418029785
Asia Pacific (BP),,2021,24.601877212524414
Australia,AUS,1992,122.01834106445312
Australia,AUS,1993,20.661163330078125
Australia,AUS,1994,19.178081512451172
Australia,AUS,1995,21.551727294921875
Australia,AUS,1996,21.040189743041992
Australia,AUS,1997,19.7265625
Australia,AUS,1998,16.150081634521484
Australia,AUS,1999,14.044952392578125
Australia,AUS,2000,15.147781372070312
Australia,AUS,2001,15.828871726989746
Australia,AUS,2002,7.663893699645996
Australia,AUS,2003,8.404803276062012
Australia,AUS,2004,15.42721939086914
Australia,AUS,2005,15.215909957885742
Australia,AUS,2006,16.00238037109375
Australia,AUS,2007,16.666675567626953
Australia,AUS,2008,22.373628616333008
Australia,AUS,2009,108.5072021484375
Australia,AUS,2010,236.8389892578125
Australia,AUS,2011,109.12904357910156
Australia,AUS,2012,17.972362518310547
Australia,AUS,2013,59.510780334472656
Australia,AUS,2014,28.71030616760254
Australia,AUS,2015,25.111557006835938
Australia,AUS,2016,20.08306884765625
Australia,AUS,2017,19.86324691772461
Australia,AUS,2018,38.295101165771484
Australia,AUS,2019,48.36344909667969
Australia,AUS,2020,30.30921173095703
Australia,AUS,2021,30.831897735595703
Austria,AUT,1994,0
Austria,AUT,1995,0
Austria,AUT,1996,0
Austria,AUT,1997,100
Austria,AUT,1998,0
Austria,AUT,1999,0
Austria,AUT,2000,50
Austria,AUT,2001,66.66666412353516
Austria,AUT,2002,79.99999237060547
Austria,AUT,2003,66.66667175292969
Austria,AUT,2004,19.99999237060547
Austria,AUT,2005,16.768753051757812
Austria,AUT,2006,6.51097297668457
Austria,AUT,2007,8.270465850830078
Austria,AUT,2008,24.265396118164062
Austria,AUT,2009,62.398494720458984
Austria,AUT,2010,81.5689468383789
Austria,AUT,2011,95.9957275390625
Austria,AUT,2012,93.8778305053711
Austria,AUT,2013,85.48310089111328
Austria,AUT,2014,25.443876266479492
Austria,AUT,2015,19.33814239501953
Austria,AUT,2016,16.95852279663086
Austria,AUT,2017,15.780329704284668
Austria,AUT,2018,14.67024040222168
Austria,AUT,2019,16.97171974182129
Austria,AUT,2020,20.024812698364258
Austria,AUT,2021,4.012441635131836
Azerbaijan,AZE,2014,262.5
Azerbaijan,AZE,2015,58.620689392089844
Azerbaijan,AZE,2016,667.3912963867188
Azerbaijan,AZE,2017,5.382430553436279
Azerbaijan,AZE,2018,5.537629127502441
Azerbaijan,AZE,2019,12.582778930664062
Azerbaijan,AZE,2020,6.334841251373291
Azerbaijan,AZE,2021,17.446815490722656
Bangladesh,BGD,2003,800
Bangladesh,BGD,2004,111.11111450195312
Bangladesh,BGD,2005,78.9473648071289
Bangladesh,BGD,2006,58.823524475097656
Bangladesh,BGD,2007,66.6666488647461
Bangladesh,BGD,2008,68.88890075683594
Bangladesh,BGD,2009,65.13158416748047
Bangladesh,BGD,2010,76.49402618408203
Bangladesh,BGD,2011,31.828439712524414
Bangladesh,BGD,2012,55.65067672729492
Bangladesh,BGD,2013,42.533565521240234
Bangladesh,BGD,2014,28.85391616821289
Bangladesh,BGD,2015,18.833518981933594
Bangladesh,BGD,2016,10.892748832702637
Bangladesh,BGD,2017,15.164613723754883
Bangladesh,BGD,2018,8.567630767822266
Bangladesh,BGD,2019,19.07708740234375
Bangladesh,BGD,2020,19.095373153686523
Bangladesh,BGD,2021,15.53497314453125
Belarus,BLR,2014,400.00006103515625
Belarus,BLR,2015,349.99993896484375
Belarus,BLR,2016,188.88890075683594
Belarus,BLR,2017,242.3076934814453
Belarus,BLR,2018,32.58427429199219
Belarus,BLR,2019,51.694915771484375
Belarus,BLR,2020,-5.027932167053223
Belarus,BLR,2021,67.66563415527344
Belgium,BEL,2005,0
Belgium,BEL,2006,100
Belgium,BEL,2007,200
Belgium,BEL,2008,600
Belgium,BEL,2009,295.23809814453125
Belgium,BEL,2010,237.3494110107422
Belgium,BEL,2011,108.75000762939453
Belgium,BEL,2012,83.74678802490234
Belgium,BEL,2013,23.091243743896484
Belgium,BEL,2014,9.160364151000977
Belgium,BEL,2015,5.893564224243164
Belgium,BEL,2016,1.2760519981384277
Belgium,BEL,2017,6.865251064300537
Belgium,BEL,2018,17.999876022338867
Belgium,BEL,2019,8.926010131835938
Belgium,BEL,2020,20.08185386657715
Belgium,BEL,2021,9.848260879516602
Brazil,BRA,2013,389.1421813964844
Brazil,BRA,2014,235.48533630371094
Brazil,BRA,2015,266.3607482910156
Brazil,BRA,2016,44.71205520629883
Brazil,BRA,2017,875.6129150390625
Brazil,BRA,2018,316.13116455078125
Brazil,BRA,2019,92.24915313720703
Brazil,BRA,2020,61.51797866821289
Brazil,BRA,2021,55.85921859741211
Bulgaria,BGR,2010,400
Bulgaria,BGR,2011,573.3333740234375
Bulgaria,BGR,2012,705.9405517578125
Bulgaria,BGR,2013,67.19900512695312
Bulgaria,BGR,2014,-8.008813858032227
Bulgaria,BGR,2015,10.463261604309082
Bulgaria,BGR,2016,0.21692514419555664
Bulgaria,BGR,2017,1.2240171432495117
Bulgaria,BGR,2018,-4.290199279785156
Bulgaria,BGR,2019,7.426786422729492
Bulgaria,BGR,2020,2.658987045288086
Bulgaria,BGR,2021,0.5886077880859375
CIS (BP),,2010,3155.931884765625
CIS (BP),,2011,659.0838012695312
CIS (BP),,2012,247.70314025878906
CIS (BP),,2013,197.32749938964844
CIS (BP),,2014,841.2980346679688
CIS (BP),,2015,131.73193359375
CIS (BP),,2016,55.79829406738281
CIS (BP),,2017,22.774517059326172
CIS (BP),,2018,21.160877227783203
CIS (BP),,2019,76.85033416748047
CIS (BP),,2020,101.70927429199219
CIS (BP),,2021,20.786535263061523
Canada,CAN,1993,0
Canada,CAN,1994,0
Canada,CAN,1995,87.17943572998047
Canada,CAN,1996,53.42466735839844
Canada,CAN,1997,17.857133865356445
Canada,CAN,1998,45.45456314086914
Canada,CAN,1999,31.249988555908203
Canada,CAN,2000,23.809528350830078
Canada,CAN,2001,19.230758666992188
Canada,CAN,2002,16.1290283203125
Canada,CAN,2003,0.2314925193786621
Canada,CAN,2004,-37.41339874267578
Canada,CAN,2005,19.188201904296875
Canada,CAN,2006,23.52939796447754
Canada,CAN,2007,23.809528350830078
Canada,CAN,2008,34.615386962890625
Canada,CAN,2009,211.42857360839844
Canada,CAN,2010,134.45465087890625
Canada,CAN,2011,123.71461486816406
Canada,CAN,2012,54.06396484375
Canada,CAN,2013,70.1836929321289
Canada,CAN,2014,41.44198989868164
Canada,CAN,2015,36.54136657714844
Canada,CAN,2016,39.28807830810547
Canada,CAN,2017,-11.372703552246094
Canada,CAN,2018,6.246435642242432
Canada,CAN,2019,7.448780536651611
Canada,CAN,2020,4.91708517074585
Canada,CAN,2021,20.589935302734375
Central America (BP),,2006,18.97120475769043
Central America (BP),,2007,1.5412211418151855
Central America (BP),,2008,0.4627108573913574
Central America (BP),,2009,11.147427558898926
Central America (BP),,2010,38.36819076538086
Central America (BP),,2011,22.6870059967041
Central America (BP),,2012,64.51811981201172
Central America (BP),,2013,47.939979553222656
Central America (BP),,2014,325.7697448730469
Central America (BP),,2015,4506.9638671875
Central America (BP),,2016,97.77871704101562
Central America (BP),,2017,24.0720272064209
Central America (BP),,2018,23.209117889404297
Central America (BP),,2019,23.369110107421875
Central America (BP),,2020,16.452014923095703
Central America (BP),,2021,16.983949661254883
Chile,CHL,2013,1884.9466552734375
Chile,CHL,2014,6689.150390625
Chile,CHL,2015,196.5035400390625
Chile,CHL,2016,87.50556945800781
Chile,CHL,2017,52.766502380371094
Chile,CHL,2018,31.385744094848633
Chile,CHL,2019,23.082042694091797
Chile,CHL,2020,20.866191864013672
Chile,CHL,2021,39.1535758972168
China,CHN,1991,0
China,CHN,1992,50
China,CHN,1993,33.333335876464844
China,CHN,1994,24.999988555908203
China,CHN,1995,40.00000762939453
China,CHN,1996,28.571414947509766
China,CHN,1997,22.22222137451172
China,CHN,1998,27.272737503051758
China,CHN,1999,21.428573608398438
China,CHN,2000,29.41175651550293
China,CHN,2001,40.909088134765625
China,CHN,2002,54.83871841430664
China,CHN,2003,33.333335876464844
China,CHN,2004,18.749988555908203
China,CHN,2005,10.526323318481445
China,CHN,2006,13.095235824584961
China,CHN,2007,20.000003814697266
China,CHN,2008,33.33332443237305
China,CHN,2009,83.55264282226562
China,CHN,2010,151.25445556640625
China,CHN,2011,272.32525634765625
China,CHN,2012,37.7206916809082
China,CHN,2013,132.96322631835938
China,CHN,2014,180.77955627441406
China,CHN,2015,67.9155502319336
China,CHN,2016,68.50806427001953
China,CHN,2017,77.06845092773438
China,CHN,2018,50.16976547241211
China,CHN,2019,26.625215530395508
China,CHN,2020,16.562498092651367
China,CHN,2021,25.23937225341797
Colombia,COL,2001,45.43485641479492
Colombia,COL,2002,74.28571319580078
Colombia,COL,2003,37.70492172241211
Colombia,COL,2004,24.148727416992188
Colombia,COL,2005,19.863914489746094
Colombia,COL,2006,-100
Colombia,COL,2018,140.00001525878906
Colombia,COL,2019,1000.5
Colombia,COL,2020,44.479774475097656
Colombia,COL,2021,66.3111343383789
Croatia,HRV,2010,0
Croatia,HRV,2011,0
Croatia,HRV,2012,12047.716796875
Croatia,HRV,2013,464.69793701171875
Croatia,HRV,2014,209.9001922607422
Croatia,HRV,2015,62.857139587402344
Croatia,HRV,2016,15.789472579956055
Croatia,HRV,2017,19.24241828918457
Croatia,HRV,2018,-4.828458786010742
Croatia,HRV,2019,10.947931289672852
Croatia,HRV,2020,14.921784400939941
Croatia,HRV,2021,1.8780112266540527
Cyprus,CYP,2005,41.50000762939453
Cyprus,CYP,2006,77.03179168701172
Cyprus,CYP,2007,72.95410919189453
Cyprus,CYP,2008,73.11021423339844
Cyprus,CYP,2009,33.333335876464844
Cyprus,CYP,2010,75
Cyprus,CYP,2011,71.42857360839844
Cyprus,CYP,2012,83.33332824707031
Cyprus,CYP,2013,113.6363525390625
Cyprus,CYP,2014,77.87234497070312
Cyprus,CYP,2015,51.5059814453125
Cyprus,CYP,2016,15.220392227172852
Cyprus,CYP,2017,17.872787475585938
Cyprus,CYP,2018,11.516094207763672
Cyprus,CYP,2019,13.781476020812988
Cyprus,CYP,2020,35.434139251708984
Cyprus,CYP,2021,60.31332015991211
Czechia,CZE,2005,-32
Czechia,CZE,2006,150
Czechia,CZE,2007,931.7647094726562
Czechia,CZE,2008,637.5712890625
Czechia,CZE,2009,586.4574584960938
Czechia,CZE,2010,593.3034057617188
Czechia,CZE,2011,243.9976043701172
Czechia,CZE,2012,2.601504325866699
Czechia,CZE,2013,-4.735171794891357
Czechia,CZE,2014,2.545654773712158
Czechia,CZE,2015,6.637144088745117
Czechia,CZE,2016,-5.866235733032227
Czechia,CZE,2017,2.9266953468322754
Czechia,CZE,2018,6.670522689819336
Czechia,CZE,2019,-2.298480272293091
Czechia,CZE,2020,-2.30981707572937
Czechia,CZE,2021,-3.6908090114593506
Denmark,DNK,1997,98.27571105957031
Denmark,DNK,1998,25.21756935119629
Denmark,DNK,1999,120.13899993896484
Denmark,DNK,2000,36.27754592895508
Denmark,DNK,2001,0
Denmark,DNK,2002,6.712996959686279
Denmark,DNK,2003,18.655025482177734
Denmark,DNK,2004,21.0237979888916
Denmark,DNK,2005,17.52264404296875
Denmark,DNK,2006,2.442169189453125
Denmark,DNK,2007,12.67249584197998
Denmark,DNK,2008,5.122506618499756
Denmark,DNK,2009,43.00848388671875
Denmark,DNK,2010,64.29629516601562
Denmark,DNK,2011,145.58163452148438
Denmark,DNK,2012,586.432861328125
Denmark,DNK,2013,398.30169677734375
Denmark,DNK,2014,15.06643295288086
Denmark,DNK,2015,1.4683723449707031
Denmark,DNK,2016,23.089265823364258
Denmark,DNK,2017,1.0360002517700195
Denmark,DNK,2018,26.811790466308594
Denmark,DNK,2019,1.0804533958435059
Denmark,DNK,2020,22.55469512939453
Denmark,DNK,2021,8.249378204345703
Eastern Africa (BP),,2002,99.42527770996094
Eastern Africa (BP),,2003,0
Eastern Africa (BP),,2004,100.28817749023438
Eastern Africa (BP),,2005,97.553955078125
Eastern Africa (BP),,2006,286.52587890625
Eastern Africa (BP),,2007,90.48959350585938
Eastern Africa (BP),,2008,89.26260375976562
Eastern Africa (BP),,2009,75.0000228881836
Eastern Africa (BP),,2010,190.79266357421875
Eastern Africa (BP),,2011,82.86367797851562
Eastern Africa (BP),,2012,39.90471267700195
Eastern Africa (BP),,2013,24.660598754882812
Eastern Africa (BP),,2014,31.05980110168457
Eastern Africa (BP),,2015,14.489483833312988
Eastern Africa (BP),,2016,14.294290542602539
Eastern Africa (BP),,2017,14.410293579101562
Eastern Africa (BP),,2018,19.208574295043945
Eastern Africa (BP),,2019,43.08904266357422
Eastern Africa (BP),,2020,12.677574157714844
Eastern Africa (BP),,2021,15.828741073608398
Ecuador,ECU,2006,19.95967674255371
Ecuador,ECU,2007,22.09748077392578
Ecuador,ECU,2008,46.93865966796875
Ecuador,ECU,2009,-70.4725112915039
Ecuador,ECU,2010,-100
Ecuador,ECU,2012,460.32342529296875
Ecuador,ECU,2013,1024.9791259765625
Ecuador,ECU,2014,349.90350341796875
Ecuador,ECU,2015,118.76229858398438
Ecuador,ECU,2016,7.4793219566345215
Ecuador,ECU,2017,-3.289443254470825
Ecuador,ECU,2018,1.5990495681762695
Ecuador,ECU,2019,337.11981201171875
Ecuador,ECU,2020,-77.3148193359375
Ecuador,ECU,2021,-2.356994152069092
Egypt,EGY,2001,350
Egypt,EGY,2002,11.111116409301758
Egypt,EGY,2003,0
Egypt,EGY,2004,0
Egypt,EGY,2005,0
Egypt,EGY,2006,0
Egypt,EGY,2007,20.000003814697266
Egypt,EGY,2008,25
Egypt,EGY,2009,46.66667175292969
Egypt,EGY,2010,1045.45458984375
Egypt,EGY,2011,870.5119018554688
Egypt,EGY,2012,106.15899658203125
Egypt,EGY,2013,-94.95499420166016
Egypt,EGY,2014,448.60638427734375
Egypt,EGY,2015,-69.90304565429688
Egypt,EGY,2016,456.21429443359375
Egypt,EGY,2017,157.92774963378906
Egypt,EGY,2018,-8.220463752746582
Egypt,EGY,2019,169.42584228515625
Egypt,EGY,2020,90.3747329711914
Egypt,EGY,2021,-0.2732217311859131
Estonia,EST,2010,0
Estonia,EST,2011,100
Estonia,EST,2012,50.0000114440918
Estonia,EST,2013,366.6666564941406
Estonia,EST,2014,121.4285888671875
Estonia,EST,2015,90.32257843017578
Estonia,EST,2016,64.01695251464844
Estonia,EST,2017,49.75716018676758
Estonia,EST,2018,112.54484558105469
Estonia,EST,2019,138.62088012695312
Estonia,EST,2020,72.66912841796875
Estonia,EST,2021,98.66600036621094
Europe,,1985,0
Europe,,1986,0
Europe,,1987,-100
Europe,,1989,799.9998779296875
Europe,,1990,37.5000114440918
Europe,,1991,24
Europe,,1992,61.858070373535156
Europe,,1993,29.07763671875
Europe,,1994,7.119476795196533
Europe,,1995,29.264747619628906
Europe,,1996,6.626701354980469
Europe,,1997,19.064128875732422
Europe,,1998,17.85161590576172
Europe,,1999,19.540691375732422
Europe,,2000,-7.138341903686523
Europe,,2001,160.76812744140625
Europe,,2002,62.075660705566406
Europe,,2003,48.90874481201172
Europe,,2004,60.25208282470703
Europe,,2005,101.35633850097656
Europe,,2006,69.87017059326172
Europe,,2007,50.93701934814453
Europe,,2008,95.71038818359375
Europe,,2009,88.75609588623047
Europe,,2010,64.01611328125
Europe,,2011,100.4843978881836
Europe,,2012,53.35018539428711
Europe,,2013,19.81983184814453
Europe,,2014,12.630546569824219
Europe,,2015,11.184334754943848
Europe,,2016,3.2012462615966797
Europe,,2017,7.730007171630859
Europe,,2018,7.14486837387085
Europe,,2019,10.25942611694336
Europe,,2020,17.12380599975586
Europe,,2021,11.14448356628418
Europe (BP),,1985,0
Europe (BP),,1986,0
Europe (BP),,1987,-100
Europe (BP),,1989,799.9998779296875
Europe (BP),,1990,37.5000114440918
Europe (BP),,1991,24
Europe (BP),,1992,61.85805892944336
Europe (BP),,1993,29.077648162841797
Europe (BP),,1994,7.119476795196533
Europe (BP),,1995,29.264747619628906
Europe (BP),,1996,6.626701354980469
Europe (BP),,1997,19.064128875732422
Europe (BP),,1998,17.85161590576172
Europe (BP),,1999,19.540691375732422
Europe (BP),,2000,-7.138341903686523
Europe (BP),,2001,160.76812744140625
Europe (BP),,2002,62.075660705566406
Europe (BP),,2003,48.90876007080078
Europe (BP),,2004,60.252071380615234
Europe (BP),,2005,101.35633850097656
Europe (BP),,2006,69.87016296386719
Europe (BP),,2007,50.937034606933594
Europe (BP),,2008,95.71038818359375
Europe (BP),,2009,88.75609588623047
Europe (BP),,2010,64.03286743164062
Europe (BP),,2011,100.47102355957031
Europe (BP),,2012,53.344871520996094
Europe (BP),,2013,19.813644409179688
Europe (BP),,2014,12.469196319580078
Europe (BP),,2015,11.194908142089844
Europe (BP),,2016,3.851783275604248
Europe (BP),,2017,9.21133804321289
Europe (BP),,2018,10.924541473388672
Europe (BP),,2019,10.482942581176758
Europe (BP),,2020,16.756702423095703
Europe (BP),,2021,11.329436302185059
European Union (27),,1990,26.499998092651367
European Union (27),,1991,17.391311645507812
European Union (27),,1992,63.614810943603516
European Union (27),,1993,28.4996395111084
European Union (27),,1994,4.599583148956299
European Union (27),,1995,30.82506561279297
European Union (27),,1996,5.075728893280029
European Union (27),,1997,22.334026336669922
European Union (27),,1998,18.351577758789062
European Union (27),,1999,17.109180450439453
European Union (27),,2000,-17.377376556396484
European Union (27),,2001,203.92971801757812
European Union (27),,2002,67.57142639160156
European Union (27),,2003,51.49433517456055
European Union (27),,2004,63.76869583129883
European Union (27),,2005,104.39622497558594
European Union (27),,2006,71.09552764892578
European Union (27),,2007,51.46487808227539
European Union (27),,2008,96.68727111816406
European Union (27),,2009,89.21183013916016
European Union (27),,2010,63.946807861328125
European Union (27),,2011,99.76726531982422
European Union (27),,2012,50.54609680175781
European Union (27),,2013,18.799102783203125
European Union (27),,2014,10.210084915161133
European Union (27),,2015,7.500171661376953
European Union (27),,2016,0.19415616989135742
European Union (27),,2017,6.909084320068359
European Union (27),,2018,6.27511739730835
European Union (27),,2019,9.566080093383789
European Union (27),,2020,16.23623275756836
European Union (27),,2021,12.10169792175293
Finland,FIN,1991,0
Finland,FIN,1992,20.000003814697266
Finland,FIN,1993,16.666662216186523
Finland,FIN,1994,14.28571891784668
Finland,FIN,1995,0
Finland,FIN,1996,25.000011444091797
Finland,FIN,1997,20.000003814697266
Finland,FIN,1998,8.333325386047363
Finland,FIN,1999,7.692301273345947
Finland,FIN,2000,14.28571891784668
Finland,FIN,2001,6.25
Finland,FIN,2002,11.764705657958984
Finland,FIN,2003,10.526311874389648
Finland,FIN,2004,14.28571891784668
Finland,FIN,2005,8.333325386047363
Finland,FIN,2006,30.769229888916016
Finland,FIN,2007,11.764705657958984
Finland,FIN,2008,2.6315689086914062
Finland,FIN,2009,10.25642204284668
Finland,FIN,2010,9.302318572998047
Finland,FIN,2011,12.765955924987793
Finland,FIN,2012,7.547175884246826
Finland,FIN,2013,14.035093307495117
Finland,FIN,2014,23.076927185058594
Finland,FIN,2015,38.888885498046875
Finland,FIN,2016,100
Finland,FIN,2017,122.72724914550781
Finland,FIN,2018,83.67347717285156
Finland,FIN,2019,63.33332061767578
Finland,FIN,2020,48.979591369628906
Finland,FIN,2021,39.269412994384766
France,FRA,1993,13.10483169555664
France,FRA,1994,11.616158485412598
France,FRA,1995,8.597278594970703
France,FRA,1996,29.916667938232422
France,FRA,1997,28.54393768310547
France,FRA,1998,20.00998306274414
France,FRA,1999,11.226606369018555
France,FRA,2000,14.859807968139648
France,FRA,2001,17.943811416625977
France,FRA,2002,15.306388854980469
France,FRA,2003,9.345459938049316
France,FRA,2004,8.763456344604492
France,FRA,2005,24.299001693725586
France,FRA,2006,13.382744789123535
France,FRA,2007,51.18362808227539
France,FRA,2008,133.33334350585938
France,FRA,2009,314.28570556640625
France,FRA,2010,256.3218688964844
France,FRA,2011,235.1613006591797
France,FRA,2012,93.26273345947266
France,FRA,2013,17.903400421142578
France,FRA,2014,24.87856101989746
France,FRA,2015,22.83380126953125
France,FRA,2016,12.415802001953125
France,FRA,2017,11.484241485595703
France,FRA,2018,14.379655838012695
France,FRA,2019,12.829839706420898
France,FRA,2020,10.028398513793945
France,FRA,2021,13
Germany,DEU,1991,0
Germany,DEU,1992,100
Germany,DEU,1993,50
Germany,DEU,1994,33.333335876464844
Germany,DEU,1995,24.999988555908203
Germany,DEU,1996,20.000003814697266
Germany,DEU,1997,83.33332824707031
Germany,DEU,1998,36.3636360168457
Germany,DEU,1999,26.666664123535156
Germany,DEU,2000,-100
Germany,DEU,2002,100
Germany,DEU,2003,56.49999237060547
Germany,DEU,2004,77.95526885986328
Germany,DEU,2005,134.82945251464844
Germany,DEU,2006,73.16515350341797
Germany,DEU,2007,38.4988899230957
Germany,DEU,2008,43.70416259765625
Germany,DEU,2009,48.957420349121094
Germany,DEU,2010,78.15338134765625
Germany,DEU,2011,67.10690307617188
Germany,DEU,2012,33.78020477294922
Germany,DEU,2013,14.496707916259766
Germany,DEU,2014,12.857187271118164
Germany,DEU,2015,7.561206817626953
Germany,DEU,2016,-1.3478338718414307
Germany,DEU,2017,3.3351659774780273
Germany,DEU,2018,14.688718795776367
Germany,DEU,2019,2.126145362854004
Germany,DEU,2020,9.593761444091797
Germany,DEU,2021,0.738060474395752
Greece,GRC,2005,0
Greece,GRC,2006,0
Greece,GRC,2007,0
Greece,GRC,2008,399.99993896484375
Greece,GRC,2009,900
Greece,GRC,2010,216.00001525878906
Greece,GRC,2011,286.0759582519531
Greece,GRC,2012,177.7049102783203
Greece,GRC,2013,115.3482894897461
Greece,GRC,2014,3.9473652839660645
Greece,GRC,2015,2.8481006622314453
Greece,GRC,2016,0.7692337036132812
Greece,GRC,2017,1.5643000602722168
Greece,GRC,2018,-5.031347274780273
Greece,GRC,2019,16.827129364013672
Greece,GRC,2020,0.4142284393310547
Greece,GRC,2021,16.216432571411133
High-income countries,,1984,110.37037658691406
High-income countries,,1985,86.13958740234375
High-income countries,,1986,29.251920700073242
High-income countries,,1987,-30.168973922729492
High-income countries,,1988,-3.8391828536987305
High-income countries,,1989,2471.83447265625
High-income countries,,1990,46.9339599609375
High-income countries,,1991,30.082916259765625
High-income countries,,1992,-8.104056358337402
High-income countries,,1993,19.130538940429688
High-income countries,,1994,6.98314905166626
High-income countries,,1995,6.607985496520996
High-income countries,,1996,8.364236831665039
High-income countries,,1997,7.133376598358154
High-income countries,,1998,8.007621765136719
High-income countries,,1999,11.507713317871094
High-income countries,,2000,14.942789077758789
High-income countries,,2001,34.12568664550781
High-income countries,,2002,26.029193878173828
High-income countries,,2003,25.20688819885254
High-income countries,,2004,32.48979949951172
High-income countries,,2005,42.171226501464844
High-income countries,,2006,38.22612762451172
High-income countries,,2007,35.39837646484375
High-income countries,,2008,63.715850830078125
High-income countries,,2009,66.48532104492188
High-income countries,,2010,59.38285446166992
High-income countries,,2011,87.02311706542969
High-income countries,,2012,51.66593933105469
High-income countries,,2013,30.93187713623047
High-income countries,,2014,31.33131217956543
High-income countries,,2015,22.77265739440918
High-income countries,,2016,17.33694076538086
High-income countries,,2017,20.69716453552246
High-income countries,,2018,15.036582946777344
High-income countries,,2019,14.709770202636719
High-income countries,,2020,18.881011962890625
High-income countries,,2021,18.378280639648438
Hong Kong,HKG,2011,200
Hong Kong,HKG,2012,0
Hong Kong,HKG,2013,0
Hong Kong,HKG,2014,0
Hong Kong,HKG,2015,33.333335876464844
Hong Kong,HKG,2016,0
Hong Kong,HKG,2017,40.125
Hong Kong,HKG,2018,13.880455017089844
Hong Kong,HKG,2019,7.833313941955566
Hong Kong,HKG,2020,14.528549194335938
Hong Kong,HKG,2021,2.564096450805664
Hungary,HUN,2009,0
Hungary,HUN,2010,0
Hungary,HUN,2011,0
Hungary,HUN,2012,700
Hungary,HUN,2013,212.5
Hungary,HUN,2014,168
Hungary,HUN,2015,110.44776153564453
Hungary,HUN,2016,73.04963684082031
Hungary,HUN,2017,43.03279113769531
Hungary,HUN,2018,80.2292251586914
Hungary,HUN,2019,137.99681091308594
Hungary,HUN,2020,64.2618637084961
Hungary,HUN,2021,54.26143264770508
India,IND,1996,499.99993896484375
India,IND,1997,0
India,IND,1998,0
India,IND,1999,0
India,IND,2000,16.666675567626953
India,IND,2001,57.142852783203125
India,IND,2002,18.181812286376953
India,IND,2003,23.076927185058594
India,IND,2004,12.499988555908203
India,IND,2005,0
India,IND,2006,-60.39999771118164
India,IND,2007,719.4444580078125
India,IND,2008,6.779658794403076
India,IND,2009,19.047618865966797
India,IND,2010,50.66665267944336
India,IND,2011,631.8584594726562
India,IND,2012,153.80892944335938
India,IND,2013,63.55408477783203
India,IND,2014,42.99446487426758
India,IND,2015,33.7620735168457
India,IND,2016,75.98706817626953
India,IND,2017,86.43663787841797
India,IND,2018,68.6331787109375
India,IND,2019,27.349388122558594
India,IND,2020,26.834630966186523
India,IND,2021,16.397022247314453
Indonesia,IDN,2009,0
Indonesia,IDN,2010,420.0000305175781
Indonesia,IDN,2011,48.0769157409668
Indonesia,IDN,2012,290.90911865234375
Indonesia,IDN,2013,82.72425079345703
Indonesia,IDN,2014,23.81818389892578
Indonesia,IDN,2015,-22.466957092285156
Indonesia,IDN,2016,299.43182373046875
Indonesia,IDN,2017,37.74299621582031
Indonesia,IDN,2018,210.74008178710938
Indonesia,IDN,2019,31.02914047241211
Indonesia,IDN,2020,44.54682922363281
Indonesia,IDN,2021,12.663042068481445
Iran,IRN,2007,0
Iran,IRN,2008,100
Iran,IRN,2009,50.0000114440918
Iran,IRN,2010,133.3333282470703
Iran,IRN,2011,0
Iran,IRN,2012,0
Iran,IRN,2013,0
Iran,IRN,2014,0
Iran,IRN,2015,114.28572845458984
Iran,IRN,2016,233.3333282470703
Iran,IRN,2017,1616.0999755859375
Iran,IRN,2018,158.5117645263672
Iran,IRN,2019,130.13352966308594
Iran,IRN,2020,24.594629287719727
Iran,IRN,2021,5.780911445617676
Iraq,IRQ,2014,23.758102416992188
Iraq,IRQ,2015,0.008726119995117188
Iraq,IRQ,2016,0
Iraq,IRQ,2017,0
Iraq,IRQ,2018,557.0892944335938
Iraq,IRQ,2019,0
Iraq,IRQ,2020,0.27396678924560547
Iraq,IRQ,2021,-0.27321577072143555
Ireland,IRL,2010,12.22691535949707
Ireland,IRL,2011,13.856971740722656
Ireland,IRL,2012,19.157278060913086
Ireland,IRL,2013,8.287906646728516
Ireland,IRL,2014,35.27734375
Ireland,IRL,2015,70.8513412475586
Ireland,IRL,2016,267.80419921875
Ireland,IRL,2017,94.3491439819336
Ireland,IRL,2018,87.7898941040039
Ireland,IRL,2019,84.69194030761719
Ireland,IRL,2020,59.13174057006836
Ireland,IRL,2021,-0.2732217311859131
Israel,ISR,2010,191.6666717529297
Israel,ISR,2011,174.2857208251953
Israel,ISR,2012,92.18748474121094
Israel,ISR,2013,33.902442932128906
Israel,ISR,2014,70.0870132446289
Israel,ISR,2015,44.716800689697266
Israel,ISR,2016,34.476234436035156
Israel,ISR,2017,0.4585742950439453
Israel,ISR,2018,11.259889602661133
Israel,ISR,2019,70.37747192382812
Israel,ISR,2020,33.66511917114258
Israel,ISR,2021,30.3258056640625
Italy,ITA,1990,98
Italy,ITA,1991,24.999988555908203
Italy,ITA,1992,79.99999237060547
Italy,ITA,1993,22.22222137451172
Italy,ITA,1994,0
Italy,ITA,1995,18.18182373046875
Italy,ITA,1996,7.692313194274902
Italy,ITA,1997,7.142853736877441
Italy,ITA,1998,6.666672229766846
Italy,ITA,1999,6.25
Italy,ITA,2000,5.8823466300964355
Italy,ITA,2001,5.555558204650879
Italy,ITA,2002,10.526323318481445
Italy,ITA,2003,14.28571891784668
Italy,ITA,2004,20.833324432373047
Italy,ITA,2005,6.896555423736572
Italy,ITA,2006,12.90322494506836
Italy,ITA,2007,11.428570747375488
Italy,ITA,2008,394.8717956542969
Italy,ITA,2009,250.77719116210938
Italy,ITA,2010,181.49188232421875
Italy,ITA,2011,466.4952697753906
Italy,ITA,2012,74.71493530273438
Italy,ITA,2013,14.457345008850098
Italy,ITA,2014,3.324902057647705
Italy,ITA,2015,2.8503060340881348
Italy,ITA,2016,-3.6522209644317627
Italy,ITA,2017,10.284876823425293
Italy,ITA,2018,-7.071632385253906
Italy,ITA,2019,4.569220542907715
Italy,ITA,2020,3.6392569541931152
Italy,ITA,2021,2.1016597747802734
Japan,JPN,1991,0
Japan,JPN,1992,949.9998779296875
Japan,JPN,1993,114.28572845458984
Japan,JPN,1994,28.88888168334961
Japan,JPN,1995,36.20690155029297
Japan,JPN,1996,37.97467803955078
Japan,JPN,1997,76.70247650146484
Japan,JPN,1998,48.745609283447266
Japan,JPN,1999,52.20294189453125
Japan,JPN,2000,57.808387756347656
Japan,JPN,2001,45.246971130371094
Japan,JPN,2002,38.99649429321289
Japan,JPN,2003,37.334800720214844
Japan,JPN,2004,33.300018310546875
Japan,JPN,2005,28.18967056274414
Japan,JPN,2006,22.424650192260742
Japan,JPN,2007,15.876567840576172
Japan,JPN,2008,12.173307418823242
Japan,JPN,2009,17.407333374023438
Japan,JPN,2010,30.729352951049805
Japan,JPN,2011,36.61472702026367
Japan,JPN,2012,35.53410720825195
Japan,JPN,2013,75.10784912109375
Japan,JPN,2014,82.41975402832031
Japan,JPN,2015,46.67881774902344
Japan,JPN,2016,25.435649871826172
Japan,JPN,2017,25.19521713256836
Japan,JPN,2018,14.514053344726562
Japan,JPN,2019,9.066974639892578
Japan,JPN,2020,10.906637191772461
Japan,JPN,2021,14.814889907836914
Kazakhstan,KAZ,2013,3649.52392578125
Kazakhstan,KAZ,2014,57.35331726074219
Kazakhstan,KAZ,2015,3626.472900390625
Kazakhstan,KAZ,2016,91.4688949584961
Kazakhstan,KAZ,2017,4.79893684387207
Kazakhstan,KAZ,2018,52.477561950683594
Kazakhstan,KAZ,2019,176.94387817382812
Kazakhstan,KAZ,2020,216.3097381591797
Kazakhstan,KAZ,2021,4.377543926239014
Kuwait,KWT,2014,1701.098876953125
Kuwait,KWT,2015,55.277610778808594
Kuwait,KWT,2016,859.0176391601562
Kuwait,KWT,2017,4.998564720153809
Kuwait,KWT,2018,3.8240909576416016
Kuwait,KWT,2019,10.004890441894531
Kuwait,KWT,2020,0.27396678924560547
Kuwait,KWT,2021,-0.2732217311859131
Latvia,LVA,2012,0
Latvia,LVA,2013,0
Latvia,LVA,2014,0
Latvia,LVA,2015,0
Latvia,LVA,2016,91.00000762939453
Latvia,LVA,2017,15.183246612548828
Latvia,LVA,2018,189.31817626953125
Latvia,LVA,2019,146.42575073242188
Latvia,LVA,2020,54.510677337646484
Latvia,LVA,2021,-0.2732217311859131
Lithuania,LTU,2012,2200.000244140625
Lithuania,LTU,2013,1847.8260498046875
Lithuania,LTU,2014,62.94642639160156
Lithuania,LTU,2015,0.4109501838684082
Lithuania,LTU,2016,-9.276938438415527
Lithuania,LTU,2017,2.2556424140930176
Lithuania,LTU,2018,27.352928161621094
Lithuania,LTU,2019,5.1963090896606445
Lithuania,LTU,2020,41.38309860229492
Lithuania,LTU,2021,-3.966188430786133
Lower-middle-income countries,,1996,499.99993896484375
Lower-middle-income countries,,1997,0
Lower-middle-income countries,,1998,0
Lower-middle-income countries,,1999,0
Lower-middle-income countries,,2000,27.09467315673828
Lower-middle-income countries,,2001,67.65802764892578
Lower-middle-income countries,,2002,22.604774475097656
Lower-middle-income countries,,2003,29.89358901977539
Lower-middle-income countries,,2004,20.204008102416992
Lower-middle-income countries,,2005,16.557239532470703
Lower-middle-income countries,,2006,-28.63552474975586
Lower-middle-income countries,,2007,273.9022216796875
Lower-middle-income countries,,2008,16.225671768188477
Lower-middle-income countries,,2009,29.994892120361328
Lower-middle-income countries,,2010,89.97738647460938
Lower-middle-income countries,,2011,453.8928527832031
Lower-middle-income countries,,2012,156.9617919921875
Lower-middle-income countries,,2013,38.787174224853516
Lower-middle-income countries,,2014,37.66501998901367
Lower-middle-income countries,,2015,32.125545501708984
Lower-middle-income countries,,2016,90.17316436767578
Lower-middle-income countries,,2017,76.26551055908203
Lower-middle-income countries,,2018,61.16206741333008
Lower-middle-income countries,,2019,44.539608001708984
Lower-middle-income countries,,2020,36.290489196777344
Lower-middle-income countries,,2021,31.32333755493164
Luxembourg,LUX,2001,15.000009536743164
Luxembourg,LUX,2002,28.260875701904297
Luxembourg,LUX,2003,2271.186279296875
Luxembourg,LUX,2004,557.5411376953125
Luxembourg,LUX,2005,92.39046478271484
Luxembourg,LUX,2006,19.301616668701172
Luxembourg,LUX,2007,-1.0088026523590088
Luxembourg,LUX,2008,-4.162484169006348
Luxembourg,LUX,2009,1.4227986335754395
Luxembourg,LUX,2010,4.095304012298584
Luxembourg,LUX,2011,21.73255729675293
Luxembourg,LUX,2012,48.683189392089844
Luxembourg,LUX,2013,92.64310455322266
Luxembourg,LUX,2014,28.48328399658203
Luxembourg,LUX,2015,9.478473663330078
Luxembourg,LUX,2016,-3.309839963912964
Luxembourg,LUX,2017,8.151519775390625
Luxembourg,LUX,2018,10.383260726928711
Luxembourg,LUX,2019,8.903741836547852
Luxembourg,LUX,2020,23.68065071105957
Luxembourg,LUX,2021,37.23493957519531
Malaysia,MYS,2013,1914.28564453125
Malaysia,MYS,2014,60.9929084777832
Malaysia,MYS,2015,20.26431655883789
Malaysia,MYS,2016,13.553118705749512
Malaysia,MYS,2017,6.451618671417236
Malaysia,MYS,2018,91.51514434814453
Malaysia,MYS,2019,49.28623580932617
Malaysia,MYS,2020,24.243282318115234
Malaysia,MYS,2021,28.28773307800293
Mexico,MEX,1991,100
Mexico,MEX,1992,50
Mexico,MEX,1993,33.333335876464844
Mexico,MEX,1994,24.999988555908203
Mexico,MEX,1995,0
Mexico,MEX,1996,20.000003814697266
Mexico,MEX,1997,0
Mexico,MEX,1998,16.666675567626953
Mexico,MEX,1999,0
Mexico,MEX,2000,0
Mexico,MEX,2001,14.28571891784668
Mexico,MEX,2002,0
Mexico,MEX,2003,0
Mexico,MEX,2004,12.499988555908203
Mexico,MEX,2005,0
Mexico,MEX,2006,11.111116409301758
Mexico,MEX,2007,-10.000001907348633
Mexico,MEX,2008,111.11111450195312
Mexico,MEX,2009,42.10527038574219
Mexico,MEX,2010,14.81480598449707
Mexico,MEX,2011,32.2580680847168
Mexico,MEX,2012,68.29267883300781
Mexico,MEX,2013,53.62318801879883
Mexico,MEX,2014,108.49056243896484
Mexico,MEX,2015,-8.507913589477539
Mexico,MEX,2016,24.76717185974121
Mexico,MEX,2017,370.3204040527344
Mexico,MEX,2018,168.0137939453125
Mexico,MEX,2019,131.65618896484375
Mexico,MEX,2020,28.31825065612793
Mexico,MEX,2021,25.97233009338379
Middle Africa (BP),,2002,743.75
Middle Africa (BP),,2003,44.93826675415039
Middle Africa (BP),,2004,42.078365325927734
Middle Africa (BP),,2005,50.599525451660156
Middle Africa (BP),,2006,30.334388732910156
Middle Africa (BP),,2007,174.09893798828125
Middle Africa (BP),,2008,73.90238952636719
Middle Africa (BP),,2009,31.846725463867188
Middle Africa (BP),,2010,31.405521392822266
Middle Africa (BP),,2011,22.745763778686523
Middle Africa (BP),,2012,20.905149459838867
Middle Africa (BP),,2013,17.360305786132812
Middle Africa (BP),,2014,20.568252563476562
Middle Africa (BP),,2015,15.181934356689453
Middle Africa (BP),,2016,18.095361709594727
Middle Africa (BP),,2017,17.422819137573242
Middle Africa (BP),,2018,54.143882751464844
Middle Africa (BP),,2019,0
Middle Africa (BP),,2020,1.8097758293151855
Middle Africa (BP),,2021,-0.03185868263244629
Middle East (BP),,2007,0
Middle East (BP),,2008,3409
Middle East (BP),,2009,876.4320068359375
Middle East (BP),,2010,185.2975311279297
Middle East (BP),,2011,131.87879943847656
Middle East (BP),,2012,90.10723876953125
Middle East (BP),,2013,60.4456787109375
Middle East (BP),,2014,89.03721618652344
Middle East (BP),,2015,40.6977424621582
Middle East (BP),,2016,51.1891975402832
Middle East (BP),,2017,27.512990951538086
Middle East (BP),,2018,52.637840270996094
Middle East (BP),,2019,87.67533111572266
Middle East (BP),,2020,24.73951530456543
Middle East (BP),,2021,20.07957649230957
Morocco,MAR,2003,0
Morocco,MAR,2004,0
Morocco,MAR,2005,0
Morocco,MAR,2006,0
Morocco,MAR,2007,0
Morocco,MAR,2008,0
Morocco,MAR,2009,0
Morocco,MAR,2010,0
Morocco,MAR,2011,0
Morocco,MAR,2012,0.27027130126953125
Morocco,MAR,2013,-0.2695441246032715
Morocco,MAR,2014,0
Morocco,MAR,2015,5543.005859375
Morocco,MAR,2016,6943.85888671875
Morocco,MAR,2017,3.4371137619018555
Morocco,MAR,2018,128.78761291503906
Morocco,MAR,2019,66.4425277709961
Morocco,MAR,2020,-3.896927833557129
Morocco,MAR,2021,19.76352882385254
Netherlands,NLD,1993,0
Netherlands,NLD,1994,-99
Netherlands,NLD,1995,9900.0009765625
Netherlands,NLD,1996,100
Netherlands,NLD,1997,0
Netherlands,NLD,1998,75
Netherlands,NLD,1999,50.57143020629883
Netherlands,NLD,2000,46.2998046875
Netherlands,NLD,2001,69.3904037475586
Netherlands,NLD,2002,30.474735260009766
Netherlands,NLD,2003,80.3990707397461
Netherlands,NLD,2004,7.807421684265137
Netherlands,NLD,2005,3.1955361366271973
Netherlands,NLD,2006,2.994239330291748
Netherlands,NLD,2007,1.3882994651794434
Netherlands,NLD,2008,8.896160125732422
Netherlands,NLD,2009,14.28424072265625
Netherlands,NLD,2010,33.750343322753906
Netherlands,NLD,2011,68.80426025390625
Netherlands,NLD,2012,152.88307189941406
Netherlands,NLD,2013,103.30793762207031
Netherlands,NLD,2014,52.115142822265625
Netherlands,NLD,2015,42.91070556640625
Netherlands,NLD,2016,39.04695510864258
Netherlands,NLD,2017,41.356422424316406
Netherlands,NLD,2018,68.27503204345703
Netherlands,NLD,2019,45.56150436401367
Netherlands,NLD,2020,62.327945709228516
Netherlands,NLD,2021,30.47347068786621
New Zealand,NZL,2008,1.4598488807678223
New Zealand,NZL,2009,3.8848876953125
New Zealand,NZL,2010,6.648218631744385
New Zealand,NZL,2011,7.79266357421875
New Zealand,NZL,2012,16.86701774597168
New Zealand,NZL,2013,38.595726013183594
New Zealand,NZL,2014,180.0507049560547
New Zealand,NZL,2015,95.51738739013672
New Zealand,NZL,2016,54.42440414428711
New Zealand,NZL,2017,35.968231201171875
New Zealand,NZL,2018,30.707286834716797
New Zealand,NZL,2019,27.025461196899414
New Zealand,NZL,2020,25.580013275146484
New Zealand,NZL,2021,27.850353240966797
Non-OECD (BP),,1991,0
Non-OECD (BP),,1992,50
Non-OECD (BP),,1993,33.333335876464844
Non-OECD (BP),,1994,24.999988555908203
Non-OECD (BP),,1995,60.2020149230957
Non-OECD (BP),,1996,88.02019500732422
Non-OECD (BP),,1997,13.292956352233887
Non-OECD (BP),,1998,17.74054718017578
Non-OECD (BP),,1999,15.465760231018066
Non-OECD (BP),,2000,92.4093017578125
Non-OECD (BP),,2001,44.61888122558594
Non-OECD (BP),,2002,35.69485092163086
Non-OECD (BP),,2003,30.182016372680664
Non-OECD (BP),,2004,20.594083786010742
Non-OECD (BP),,2005,18.465757369995117
Non-OECD (BP),,2006,31.827604293823242
Non-OECD (BP),,2007,45.103515625
Non-OECD (BP),,2008,29.821468353271484
Non-OECD (BP),,2009,52.9683723449707
Non-OECD (BP),,2010,116.22784423828125
Non-OECD (BP),,2011,250.00949096679688
Non-OECD (BP),,2012,97.51544189453125
Non-OECD (BP),,2013,94.06608581542969
Non-OECD (BP),,2014,112.59646606445312
Non-OECD (BP),,2015,58.777488708496094
Non-OECD (BP),,2016,63.50431442260742
Non-OECD (BP),,2017,69.42272186279297
Non-OECD (BP),,2018,50.057064056396484
Non-OECD (BP),,2019,31.40873908996582
Non-OECD (BP),,2020,21.98801040649414
Non-OECD (BP),,2021,26.123868942260742
North America,,1984,76.70033264160156
North America,,1985,102.5533676147461
North America,,1986,32.00374984741211
North America,,1987,-25.192415237426758
North America,,1988,-13.365721702575684
North America,,1989,2655.673828125
North America,,1990,46.87770462036133
North America,,1991,29.171443939208984
North America,,1992,-13.816844940185547
North America,,1993,16.26429557800293
North America,,1994,5.758535861968994
North America,,1995,2.827179431915283
North America,,1996,5.7178497314453125
North America,,1997,-1.3724565505981445
North America,,1998,-0.7108092308044434
North America,,1999,-0.5645215511322021
North America,,2000,0.6457090377807617
North America,,2001,11.196243286132812
North America,,2002,5.100512504577637
North America,,2003,1.5217304229736328
North America,,2004,12.551868438720703
North America,,2005,8.091175079345703
North America,,2006,10.252213478088379
North America,,2007,32.16938781738281
North America,,2008,49.15549850463867
North America,,2009,31.421649932861328
North America,,2010,49.795223236083984
North America,,2011,62.49989318847656
North America,,2012,87.30682373046875
North America,,2013,75.55245971679688
North America,,2014,78.16899108886719
North America,,2015,34.73345184326172
North America,,2016,40.23826217651367
North America,,2017,38.6306037902832
North America,,2018,22.263824462890625
North America,,2019,18.24153709411621
North America,,2020,22.263622283935547
North America,,2021,25.21653175354004
North America (BP),,1984,76.70033264160156
North America (BP),,1985,102.5533676147461
North America (BP),,1986,32.00374984741211
North America (BP),,1987,-25.192415237426758
North America (BP),,1988,-13.365721702575684
North America (BP),,1989,2655.673828125
North America (BP),,1990,46.87770462036133
North America (BP),,1991,29.171430587768555
North America (BP),,1992,-13.816839218139648
North America (BP),,1993,16.26429557800293
North America (BP),,1994,5.758535861968994
North America (BP),,1995,2.827179431915283
North America (BP),,1996,5.717837810516357
North America (BP),,1997,-1.3724446296691895
North America (BP),,1998,-0.7108092308044434
North America (BP),,1999,-0.5831718444824219
North America (BP),,2000,0.61798095703125
North America (BP),,2001,11.07078742980957
North America (BP),,2002,5.051147937774658
North America (BP),,2003,1.440596580505371
North America (BP),,2004,12.464356422424316
North America (BP),,2005,7.416868209838867
North America (BP),,2006,10.392498970031738
North America (BP),,2007,32.144962310791016
North America (BP),,2008,49.24335479736328
North America (BP),,2009,31.11311149597168
North America (BP),,2010,49.170494079589844
North America (BP),,2011,62.190330505371094
North America (BP),,2012,86.61306762695312
North America (BP),,2013,76.67969512939453
North America (BP),,2014,78.84911346435547
North America (BP),,2015,34.749568939208984
North America (BP),,2016,40.404544830322266
North America (BP),,2017,38.712154388427734
North America (BP),,2018,22.298622131347656
North America (BP),,2019,17.905067443847656
North America (BP),,2020,22.068618774414062
North America (BP),,2021,25.14264678955078
North Macedonia,MKD,2011,4411.5380859375
North Macedonia,MKD,2012,141.77322387695312
North Macedonia,MKD,2013,219.1466827392578
North Macedonia,MKD,2014,58.89957046508789
North Macedonia,MKD,2015,57.14087677001953
North Macedonia,MKD,2016,4.867255687713623
North Macedonia,MKD,2017,0.21518468856811523
North Macedonia,MKD,2018,-4.054570198059082
North Macedonia,MKD,2019,1.9264578819274902
North Macedonia,MKD,2020,1.3346552848815918
North Macedonia,MKD,2021,7.460594177246094
Norway,NOR,2001,0
Norway,NOR,2002,0
Norway,NOR,2003,16.981136322021484
Norway,NOR,2004,0
Norway,NOR,2005,0
Norway,NOR,2006,14.51612663269043
Norway,NOR,2007,0
Norway,NOR,2008,4.225349426269531
Norway,NOR,2009,4.054057598114014
Norway,NOR,2010,5.194807052612305
Norway,NOR,2011,4.938268661499023
Norway,NOR,2012,4.705870151519775
Norway,NOR,2013,10.112369537353516
Norway,NOR,2014,18.367338180541992
Norway,NOR,2015,15.517234802246094
Norway,NOR,2016,77.61194610595703
Norway,NOR,2017,67.90335083007812
Norway,NOR,2018,52.338539123535156
Norway,NOR,2019,72.51461791992188
Norway,NOR,2020,33.72540283203125
Norway,NOR,2021,40.29148864746094
OECD (BP),,1984,110.37037658691406
OECD (BP),,1985,86.13955688476562
OECD (BP),,1986,29.251934051513672
OECD (BP),,1987,-30.168973922729492
OECD (BP),,1988,-3.8391828536987305
OECD (BP),,1989,2471.834716796875
OECD (BP),,1990,47.31529998779297
OECD (BP),,1991,30.26388931274414
OECD (BP),,1992,-7.873117923736572
OECD (BP),,1993,19.222450256347656
OECD (BP),,1994,7.113540172576904
OECD (BP),,1995,6.552183628082275
OECD (BP),,1996,8.456457138061523
OECD (BP),,1997,7.070815563201904
OECD (BP),,1998,8.078551292419434
OECD (BP),,1999,11.405956268310547
OECD (BP),,2000,15.004229545593262
OECD (BP),,2001,33.95326232910156
OECD (BP),,2002,25.957477569580078
OECD (BP),,2003,25.104629516601562
OECD (BP),,2004,32.36381912231445
OECD (BP),,2005,41.99681091308594
OECD (BP),,2006,37.843013763427734
OECD (BP),,2007,35.319637298583984
OECD (BP),,2008,63.767539978027344
OECD (BP),,2009,66.39833068847656
OECD (BP),,2010,59.24215316772461
OECD (BP),,2011,86.960693359375
OECD (BP),,2012,51.54714584350586
OECD (BP),,2013,30.728458404541016
OECD (BP),,2014,31.11720085144043
OECD (BP),,2015,22.726619720458984
OECD (BP),,2016,17.700504302978516
OECD (BP),,2017,21.48805809020996
OECD (BP),,2018,16.837203979492188
OECD (BP),,2019,14.986014366149902
OECD (BP),,2020,18.635141372680664
OECD (BP),,2021,18.259763717651367
Oceania,,1992,122.01834106445312
Oceania,,1993,20.661163330078125
Oceania,,1994,19.178081512451172
Oceania,,1995,21.551727294921875
Oceania,,1996,21.040189743041992
Oceania,,1997,19.7265625
Oceania,,1998,16.150081634521484
Oceania,,1999,14.044952392578125
Oceania,,2000,15.147781372070312
Oceania,,2001,15.828871726989746
Oceania,,2002,7.663893699645996
Oceania,,2003,8.404803276062012
Oceania,,2004,15.42721939086914
Oceania,,2005,15.215909957885742
Oceania,,2006,16.00238037109375
Oceania,,2007,20.159900665283203
Oceania,,2008,21.765625
Oceania,,2009,105.97288513183594
Oceania,,2010,234.02664184570312
Oceania,,2011,108.73374938964844
Oceania,,2012,17.970144271850586
Oceania,,2013,59.46904373168945
Oceania,,2014,28.972780227661133
Oceania,,2015,25.37670135498047
Oceania,,2016,20.284759521484375
Oceania,,2017,19.98467445373535
Oceania,,2018,38.23027801513672
Oceania,,2019,48.19104766845703
Oceania,,2020,30.276466369628906
Oceania,,2021,30.811988830566406
Oman,OMN,2014,0
Oman,OMN,2015,208.3333282470703
Oman,OMN,2016,13.405394554138184
Oman,OMN,2017,270.82940673828125
Oman,OMN,2018,0.976860523223877
Oman,OMN,2019,5.365324020385742
Oman,OMN,2020,1180.8116455078125
Oman,OMN,2021,22.963523864746094
Other Africa (BP),,2001,33.551822662353516
Other Africa (BP),,2002,1.1872172355651855
Other Africa (BP),,2003,53.341651916503906
Other Africa (BP),,2004,57.48160934448242
Other Africa (BP),,2005,41.634918212890625
Other Africa (BP),,2006,61.41025924682617
Other Africa (BP),,2007,59.674346923828125
Other Africa (BP),,2008,69.72377014160156
Other Africa (BP),,2009,42.282569885253906
Other Africa (BP),,2010,119.38128662109375
Other Africa (BP),,2011,68.12677001953125
Other Africa (BP),,2012,45.032073974609375
Other Africa (BP),,2013,30.547916412353516
Other Africa (BP),,2014,28.377269744873047
Other Africa (BP),,2015,19.68792724609375
Other Africa (BP),,2016,54.408443450927734
Other Africa (BP),,2017,2.6255011558532715
Other Africa (BP),,2018,46.06074142456055
Other Africa (BP),,2019,39.70833969116211
Other Africa (BP),,2020,11.888324737548828
Other Africa (BP),,2021,21.206510543823242
Other Asia Pacific (BP),,1998,500
Other Asia Pacific (BP),,1999,-25
Other Asia Pacific (BP),,2000,30633.333984375
Other Asia Pacific (BP),,2001,86.37019348144531
Other Asia Pacific (BP),,2002,17.691564559936523
Other Asia Pacific (BP),,2003,27.52596092224121
Other Asia Pacific (BP),,2004,18.081939697265625
Other Asia Pacific (BP),,2005,24.00394630432129
Other Asia Pacific (BP),,2006,29.36711311340332
Other Asia Pacific (BP),,2007,16.402971267700195
Other Asia Pacific (BP),,2008,53.077327728271484
Other Asia Pacific (BP),,2009,12.651718139648438
Other Asia Pacific (BP),,2010,8.05199146270752
Other Asia Pacific (BP),,2011,57.222496032714844
Other Asia Pacific (BP),,2012,82.2244873046875
Other Asia Pacific (BP),,2013,19.394445419311523
Other Asia Pacific (BP),,2014,38.75944519042969
Other Asia Pacific (BP),,2015,60.61729049682617
Other Asia Pacific (BP),,2016,46.16851806640625
Other Asia Pacific (BP),,2017,37.8310432434082
Other Asia Pacific (BP),,2018,18.456315994262695
Other Asia Pacific (BP),,2019,44.73801803588867
Other Asia Pacific (BP),,2020,32.67884063720703
Other Asia Pacific (BP),,2021,34.527587890625
Other CIS (BP),,2010,993.2203369140625
Other CIS (BP),,2011,105.89146423339844
Other CIS (BP),,2012,577.0006103515625
Other CIS (BP),,2013,274.4145812988281
Other CIS (BP),,2014,92.99507141113281
Other CIS (BP),,2015,28.667306900024414
Other CIS (BP),,2016,3.0525684356689453
Other CIS (BP),,2017,-5.794686317443848
Other CIS (BP),,2018,56.19224166870117
Other CIS (BP),,2019,350.9270324707031
Other CIS (BP),,2020,-5.149203300476074
Other CIS (BP),,2021,53.806922912597656
Other Caribbean (BP),,2000,22.760116577148438
Other Caribbean (BP),,2001,161.29031372070312
Other Caribbean (BP),,2002,4.938268661499023
Other Caribbean (BP),,2003,0
Other Caribbean (BP),,2004,33.823524475097656
Other Caribbean (BP),,2005,1079.8106689453125
Other Caribbean (BP),,2006,-11.994277954101562
Other Caribbean (BP),,2007,50.755836486816406
Other Caribbean (BP),,2008,51.59674835205078
Other Caribbean (BP),,2009,84.9883804321289
Other Caribbean (BP),,2010,125.44918060302734
Other Caribbean (BP),,2011,90.74174499511719
Other Caribbean (BP),,2012,134.6031951904297
Other Caribbean (BP),,2013,21.18475341796875
Other Caribbean (BP),,2014,30.108070373535156
Other Caribbean (BP),,2015,33.413909912109375
Other Caribbean (BP),,2016,24.04568099975586
Other Caribbean (BP),,2017,29.74675941467285
Other Caribbean (BP),,2018,18.278812408447266
Other Caribbean (BP),,2019,60.583351135253906
Other Caribbean (BP),,2020,40.314781188964844
Other Caribbean (BP),,2021,31.206607818603516
Other Europe (BP),,2002,100
Other Europe (BP),,2003,36.764705657958984
Other Europe (BP),,2004,26.881717681884766
Other Europe (BP),,2005,21.18643569946289
Other Europe (BP),,2006,0
Other Europe (BP),,2007,69.9300765991211
Other Europe (BP),,2008,20.57613182067871
Other Europe (BP),,2009,166.04957580566406
Other Europe (BP),,2010,89.96338653564453
Other Europe (BP),,2011,156.07562255859375
Other Europe (BP),,2012,114.604736328125
Other Europe (BP),,2013,62.33786392211914
Other Europe (BP),,2014,96.86768341064453
Other Europe (BP),,2015,37.16600036621094
Other Europe (BP),,2016,32.322120666503906
Other Europe (BP),,2017,19.072580337524414
Other Europe (BP),,2018,10.273992538452148
Other Europe (BP),,2019,21.829402923583984
Other Europe (BP),,2020,21.636211395263672
Other Europe (BP),,2021,15.909266471862793
Other Middle East (BP),,2009,11.111104965209961
Other Middle East (BP),,2010,51.2833366394043
Other Middle East (BP),,2011,49.45466613769531
Other Middle East (BP),,2012,50.871337890625
Other Middle East (BP),,2013,68.46461486816406
Other Middle East (BP),,2014,150.88455200195312
Other Middle East (BP),,2015,347.25738525390625
Other Middle East (BP),,2016,241.5352783203125
Other Middle East (BP),,2017,33.120025634765625
Other Middle East (BP),,2018,63.63954544067383
Other Middle East (BP),,2019,44.23353576660156
Other Middle East (BP),,2020,17.499887466430664
Other Middle East (BP),,2021,-0.2165675163269043
Other Northern Africa (BP),,2004,249.99996948242188
Other Northern Africa (BP),,2005,71.42857360839844
Other Northern Africa (BP),,2006,41.66667556762695
Other Northern Africa (BP),,2007,29.41176986694336
Other Northern Africa (BP),,2008,22.727262496948242
Other Northern Africa (BP),,2009,18.51852035522461
Other Northern Africa (BP),,2010,39.63984298706055
Other Northern Africa (BP),,2011,28.387187957763672
Other Northern Africa (BP),,2012,45.103370666503906
Other Northern Africa (BP),,2013,67.98737335205078
Other Northern Africa (BP),,2014,89.94927215576172
Other Northern Africa (BP),,2015,73.39928436279297
Other Northern Africa (BP),,2016,60.08242416381836
Other Northern Africa (BP),,2017,20.609521865844727
Other Northern Africa (BP),,2018,28.66736602783203
Other Northern Africa (BP),,2019,39.40193557739258
Other Northern Africa (BP),,2020,18.261634826660156
Other Northern Africa (BP),,2021,0.3479599952697754
Other South America (BP),,2001,0
Other South America (BP),,2002,0
Other South America (BP),,2003,56.05095672607422
Other South America (BP),,2004,0
Other South America (BP),,2005,5.714297294616699
Other South America (BP),,2006,40.9266471862793
Other South America (BP),,2007,2.191781997680664
Other South America (BP),,2008,164.34317016601562
Other South America (BP),,2009,30.829608917236328
Other South America (BP),,2010,6761.9072265625
Other South America (BP),,2011,301.1569519042969
Other South America (BP),,2012,52.26006317138672
Other South America (BP),,2013,-13.891607284545898
Other South America (BP),,2014,27.21976089477539
Other South America (BP),,2015,103.73077392578125
Other South America (BP),,2016,84.26431274414062
Other South America (BP),,2017,54.009281158447266
Other South America (BP),,2018,78.72991943359375
Other South America (BP),,2019,11.907720565795898
Other South America (BP),,2020,15.59552001953125
Other South America (BP),,2021,25.7730712890625
Other South and Central America (BP),,2000,38.34174728393555
Other South and Central America (BP),,2001,143.12396240234375
Other South and Central America (BP),,2002,4.709494113922119
Other South and Central America (BP),,2003,2.451801300048828
Other South and Central America (BP),,2004,31.553447723388672
Other South and Central America (BP),,2005,1138.5634765625
Other South and Central America (BP),,2006,-8.924495697021484
Other South and Central America (BP),,2007,44.534183502197266
Other South and Central America (BP),,2008,47.832427978515625
Other South and Central America (BP),,2009,80.30496978759766
Other South and Central America (BP),,2010,163.466552734375
Other South and Central America (BP),,2011,123.41012573242188
Other South and Central America (BP),,2012,110.05005645751953
Other South and Central America (BP),,2013,14.036178588867188
Other South and Central America (BP),,2014,32.703948974609375
Other South and Central America (BP),,2015,192.33482360839844
Other South and Central America (BP),,2016,68.92530059814453
Other South and Central America (BP),,2017,29.07935333251953
Other South and Central America (BP),,2018,29.506290435791016
Other South and Central America (BP),,2019,30.519807815551758
Other South and Central America (BP),,2020,23.673295974731445
Other South and Central America (BP),,2021,23.30105209350586
Other Southern Africa (BP),,2005,100
Other Southern Africa (BP),,2006,0
Other Southern Africa (BP),,2007,50.0000114440918
Other Southern Africa (BP),,2008,1833.333251953125
Other Southern Africa (BP),,2009,24.13792610168457
Other Southern Africa (BP),,2010,19.444454193115234
Other Southern Africa (BP),,2011,70.93022918701172
Other Southern Africa (BP),,2012,42.17686462402344
Other Southern Africa (BP),,2013,30.63157844543457
Other Southern Africa (BP),,2014,26.558483123779297
Other Southern Africa (BP),,2015,18.33416175842285
Other Southern Africa (BP),,2016,43.73804473876953
Other Southern Africa (BP),,2017,27.486251831054688
Other Southern Africa (BP),,2018,76.69365692138672
Other Southern Africa (BP),,2019,108.71522521972656
Other Southern Africa (BP),,2020,28.612958908081055
Other Southern Africa (BP),,2021,7.536637783050537
Pakistan,PAK,2008,684.158447265625
Pakistan,PAK,2009,236.3636474609375
Pakistan,PAK,2010,152.02700805664062
Pakistan,PAK,2011,99.80638122558594
Pakistan,PAK,2012,145.88148498535156
Pakistan,PAK,2013,119.63011932373047
Pakistan,PAK,2014,64.33708953857422
Pakistan,PAK,2015,60.35707092285156
Pakistan,PAK,2016,87.75007629394531
Pakistan,PAK,2017,37.270057678222656
Pakistan,PAK,2018,3.978550434112549
Pakistan,PAK,2019,4.47155237197876
Pakistan,PAK,2020,12.707769393920898
Pakistan,PAK,2021,25.920795440673828
Peru,PER,2013,229.8157196044922
Peru,PER,2014,1.2189030647277832
Peru,PER,2015,15.532028198242188
Peru,PER,2016,4.666411876678467
Peru,PER,2017,36.81452178955078
Peru,PER,2018,141.6270751953125
Peru,PER,2019,4.543745517730713
Peru,PER,2020,1.965928077697754
Peru,PER,2021,3.084838390350342
Philippines,PHL,2006,-9.29466438293457
Philippines,PHL,2007,-4.869186878204346
Philippines,PHL,2008,-0.38196444511413574
Philippines,PHL,2009,-3.9877355098724365
Philippines,PHL,2010,0.15974044799804688
Philippines,PHL,2011,-3.34928035736084
Philippines,PHL,2012,8.910894393920898
Philippines,PHL,2013,7.121217250823975
Philippines,PHL,2014,1068.1046142578125
Philippines,PHL,2015,738.7357788085938
Philippines,PHL,2016,691.8749389648438
Philippines,PHL,2017,9.492659568786621
Philippines,PHL,2018,3.99320125579834
Philippines,PHL,2019,-0.24293065071105957
Philippines,PHL,2020,10.15359115600586
Philippines,PHL,2021,6.437122821807861
Poland,POL,2012,450
Poland,POL,2013,36.3636360168457
Poland,POL,2014,366.66668701171875
Poland,POL,2015,714.28564453125
Poland,POL,2016,117.54386138916016
Poland,POL,2017,33.06452178955078
Poland,POL,2018,81.81818389892578
Poland,POL,2019,136.8909912109375
Poland,POL,2020,175.50167846679688
Poland,POL,2021,101.69403839111328
Portugal,PRT,1990,-100
Portugal,PRT,1997,0
Portugal,PRT,1998,-20.000003814697266
Portugal,PRT,1999,37.5
Portugal,PRT,2000,27.272724151611328
Portugal,PRT,2001,14.28571891784668
Portugal,PRT,2002,12.5
Portugal,PRT,2003,44.44444274902344
Portugal,PRT,2004,11.538457870483398
Portugal,PRT,2005,31.034481048583984
Portugal,PRT,2006,31.57894515991211
Portugal,PRT,2007,380.0000305175781
Portugal,PRT,2008,70.83333587646484
Portugal,PRT,2009,290.243896484375
Portugal,PRT,2010,34.375
Portugal,PRT,2011,31.16278648376465
Portugal,PRT,2012,39.36170196533203
Portugal,PRT,2013,21.918546676635742
Portugal,PRT,2014,30.925559997558594
Portugal,PRT,2015,26.914369583129883
Portugal,PRT,2016,3.2462358474731445
Portugal,PRT,2017,20.681262969970703
Portugal,PRT,2018,1.3104796409606934
Portugal,PRT,2019,33.532344818115234
Portugal,PRT,2020,26.005958557128906
Portugal,PRT,2021,30.573617935180664
Qatar,QAT,2012,0
Qatar,QAT,2013,242.87020874023438
Qatar,QAT,2014,73.44708251953125
Qatar,QAT,2015,0
Qatar,QAT,2016,28.55825424194336
Qatar,QAT,2017,0
Qatar,QAT,2018,0
Qatar,QAT,2019,0
Qatar,QAT,2020,0.27396678924560547
Qatar,QAT,2021,-0.27321577072143555
Romania,ROU,2010,100
Romania,ROU,2011,-50.5
Romania,ROU,2012,700
Romania,ROU,2013,5149.99951171875
Romania,ROU,2014,208.40478515625
Romania,ROU,2015,53.01474380493164
Romania,ROU,2016,-8.173561096191406
Romania,ROU,2017,1.9780158996582031
Romania,ROU,2018,-4.579734802246094
Romania,ROU,2019,0.3952503204345703
Romania,ROU,2020,-2.5309324264526367
Romania,ROU,2021,-1.8465101718902588
Russia,RUS,2012,250.95889282226562
Russia,RUS,2013,156.44027709960938
Russia,RUS,2014,1381.4814453125
Russia,RUS,2015,109.75000762939453
Russia,RUS,2016,39.5411262512207
Russia,RUS,2017,16.164852142333984
Russia,RUS,2018,14.790428161621094
Russia,RUS,2019,57.744300842285156
Russia,RUS,2020,89.04014587402344
Russia,RUS,2021,24.16037368774414
Saudi Arabia,SAU,2009,0
Saudi Arabia,SAU,2010,571.4286499023438
Saudi Arabia,SAU,2011,31.865978240966797
Saudi Arabia,SAU,2012,375.46368408203125
Saudi Arabia,SAU,2013,65.67849731445312
Saudi Arabia,SAU,2014,8.018827438354492
Saudi Arabia,SAU,2015,0
Saudi Arabia,SAU,2016,0
Saudi Arabia,SAU,2017,41.74930953979492
Saudi Arabia,SAU,2018,145.23057556152344
Saudi Arabia,SAU,2019,29.625057220458984
Saudi Arabia,SAU,2020,0.27397871017456055
Saudi Arabia,SAU,2021,300.5809326171875
Singapore,SGP,2009,437.373779296875
Singapore,SGP,2010,93.35838317871094
Singapore,SGP,2011,58.619571685791016
Singapore,SGP,2012,67.37488555908203
Singapore,SGP,2013,53.252769470214844
Singapore,SGP,2014,116.09590148925781
Singapore,SGP,2015,79.60785675048828
Singapore,SGP,2016,81.57950592041016
Singapore,SGP,2017,38.758277893066406
Singapore,SGP,2018,10.079442977905273
Singapore,SGP,2019,43.98926544189453
Singapore,SGP,2020,51.63377380371094
Singapore,SGP,2021,34.4573974609375
Slovakia,SVK,2011,2235.294189453125
Slovakia,SVK,2012,6.800997257232666
Slovakia,SVK,2013,38.67924118041992
Slovakia,SVK,2014,1.530611515045166
Slovakia,SVK,2015,-15.242886543273926
Slovakia,SVK,2016,5.33597469329834
Slovakia,SVK,2017,-5.065667629241943
Slovakia,SVK,2018,15.612649917602539
Slovakia,SVK,2019,0.6837606430053711
Slovakia,SVK,2020,12.563669204711914
Slovakia,SVK,2021,1.3719439506530762
Slovenia,SVN,2009,300
Slovenia,SVN,2010,225
Slovenia,SVN,2011,407.6922912597656
Slovenia,SVN,2012,146.96969604492188
Slovenia,SVN,2013,31.901836395263672
Slovenia,SVN,2014,19.53488540649414
Slovenia,SVN,2015,6.614780426025391
Slovenia,SVN,2016,-2.5547444820404053
Slovenia,SVN,2017,6.317234039306641
Slovenia,SVN,2018,-10.182934761047363
Slovenia,SVN,2019,18.85700225830078
Slovenia,SVN,2020,21.501195907592773
Slovenia,SVN,2021,-17.922794342041016
South Africa,ZAF,2001,16.129039764404297
South Africa,ZAF,2002,14.814817428588867
South Africa,ZAF,2003,12.096762657165527
South Africa,ZAF,2004,11.51078987121582
South Africa,ZAF,2005,9.677421569824219
South Africa,ZAF,2006,9.411764144897461
South Africa,ZAF,2007,8.064508438110352
South Africa,ZAF,2008,7.960200309753418
South Africa,ZAF,2009,7.3732733726501465
South Africa,ZAF,2010,18.454933166503906
South Africa,ZAF,2011,190.94204711914062
South Africa,ZAF,2012,7.098376750946045
South Africa,ZAF,2013,182.55813598632812
South Africa,ZAF,2014,342.3707580566406
South Africa,ZAF,2015,123.21035766601562
South Africa,ZAF,2016,39.22261047363281
South Africa,ZAF,2017,51.40011215209961
South Africa,ZAF,2018,22.6560115814209
South Africa,ZAF,2019,9.156227111816406
South Africa,ZAF,2020,22.44646453857422
South Africa,ZAF,2021,-4.743480682373047
South America,,1999,52.941165924072266
South America,,2000,7156.5927734375
South America,,2001,44.56085968017578
South America,,2002,72.83358764648438
South America,,2003,37.771942138671875
South America,,2004,23.892927169799805
South America,,2005,19.938827514648438
South America,,2006,-98.5350570678711
South America,,2007,16.259597778320312
South America,,2008,63.65522003173828
South America,,2009,-20.82814598083496
South America,,2010,5251.947265625
South America,,2011,252.36697387695312
South America,,2012,220.71945190429688
South America,,2013,116.68608093261719
South America,,2014,176.02999877929688
South America,,2015,136.8000030517578
South America,,2016,72.97015380859375
South America,,2017,73.11653900146484
South America,,2018,85.82231903076172
South America,,2019,53.421546936035156
South America,,2020,38.56635284423828
South America,,2021,47.23082733154297
South Korea,KOR,1991,0
South Korea,KOR,1992,100
South Korea,KOR,1993,0
South Korea,KOR,1994,0
South Korea,KOR,1995,0
South Korea,KOR,1996,50
South Korea,KOR,1997,0
South Korea,KOR,1998,33.333335876464844
South Korea,KOR,1999,14.299988746643066
South Korea,KOR,2000,15.573060989379883
South Korea,KOR,2001,17.032550811767578
South Korea,KOR,2002,13.9068603515625
South Korea,KOR,2003,10.051107406616211
South Korea,KOR,2004,27.3477783203125
South Korea,KOR,2005,45.85697555541992
South Korea,KOR,2006,115.44549560546875
South Korea,KOR,2007,129.76918029785156
South Korea,KOR,2008,298.8762512207031
South Korea,KOR,2009,99.14215850830078
South Korea,KOR,2010,36.59383010864258
South Korea,KOR,2011,19.30675506591797
South Korea,KOR,2012,22.131752014160156
South Korea,KOR,2013,47.955989837646484
South Korea,KOR,2014,61.57527160644531
South Korea,KOR,2015,57.00617980957031
South Korea,KOR,2016,30.406105041503906
South Korea,KOR,2017,40.28477478027344
South Korea,KOR,2018,31.237506866455078
South Korea,KOR,2019,39.46912384033203
South Korea,KOR,2020,36.255027770996094
South Korea,KOR,2021,13.047492980957031
South and Central America (BP),,1999,647.11767578125
South and Central America (BP),,2000,1583.13671875
South and Central America (BP),,2001,72.44699096679688
South and Central America (BP),,2002,63.271568298339844
South and Central America (BP),,2003,38.43623352050781
South and Central America (BP),,2004,28.12765884399414
South and Central America (BP),,2005,67.6822280883789
South and Central America (BP),,2006,-54.19899368286133
South and Central America (BP),,2007,32.02456283569336
South and Central America (BP),,2008,37.24129104614258
South and Central America (BP),,2009,64.60954284667969
South and Central America (BP),,2010,151.26116943359375
South and Central America (BP),,2011,113.6829605102539
South and Central America (BP),,2012,156.17373657226562
South and Central America (BP),,2013,57.66706466674805
South and Central America (BP),,2014,108.46021270751953
South and Central America (BP),,2015,157.66009521484375
South and Central America (BP),,2016,70.74143981933594
South and Central America (BP),,2017,56.48088455200195
South and Central America (BP),,2018,67.68843841552734
South and Central America (BP),,2019,49.61759948730469
South and Central America (BP),,2020,36.10466766357422
South and Central America (BP),,2021,43.09253692626953
Spain,ESP,1990,-0.999993085861206
Spain,ESP,1991,16.666675567626953
Spain,ESP,1992,14.28571891784668
Spain,ESP,1993,12.499988555908203
Spain,ESP,1994,11.111116409301758
Spain,ESP,1995,50
Spain,ESP,1996,-19.999998092651367
Spain,ESP,1997,8.333337783813477
Spain,ESP,1998,15.384614944458008
Spain,ESP,1999,13.333344459533691
Spain,ESP,2000,5.8823466300964355
Spain,ESP,2001,33.333335876464844
Spain,ESP,2002,25
Spain,ESP,2003,36.66667938232422
Spain,ESP,2004,36.585365295410156
Spain,ESP,2005,-26.78571319580078
Spain,ESP,2006,190.24391174316406
Spain,ESP,2007,326.8907470703125
Spain,ESP,2008,407.4803466796875
Spain,ESP,2009,135.3349151611328
Spain,ESP,2010,16.44148826599121
Spain,ESP,2011,22.862529754638672
Spain,ESP,2012,37.863468170166016
Spain,ESP,2013,9.56869125366211
Spain,ESP,2014,4.287564754486084
Spain,ESP,2015,1.3559699058532715
Spain,ESP,2016,-1.5638768672943115
Spain,ESP,2017,4.977166652679443
Spain,ESP,2018,-11.00975227355957
Spain,ESP,2019,18.552148818969727
Spain,ESP,2020,36.79341125488281
Spain,ESP,2021,29.703819274902344
Sri Lanka,LKA,2001,109.04998779296875
Sri Lanka,LKA,2002,66.21843719482422
Sri Lanka,LKA,2003,60.147403717041016
Sri Lanka,LKA,2004,47.216461181640625
Sri Lanka,LKA,2005,30.410921096801758
Sri Lanka,LKA,2006,16.714786529541016
Sri Lanka,LKA,2007,10.946798324584961
Sri Lanka,LKA,2008,6.670713424682617
Sri Lanka,LKA,2009,6.473147869110107
Sri Lanka,LKA,2010,6.0059428215026855
Sri Lanka,LKA,2011,21.105920791625977
Sri Lanka,LKA,2012,14.845657348632812
Sri Lanka,LKA,2013,43.718814849853516
Sri Lanka,LKA,2014,95.25679016113281
Sri Lanka,LKA,2015,73.47943878173828
Sri Lanka,LKA,2016,70.29967498779297
Sri Lanka,LKA,2017,170.71231079101562
Sri Lanka,LKA,2018,43.05241012573242
Sri Lanka,LKA,2019,55.737449645996094
Sri Lanka,LKA,2020,30.3001766204834
Sri Lanka,LKA,2021,16.74628257751465
Sweden,SWE,1994,0
Sweden,SWE,1995,0
Sweden,SWE,1996,0
Sweden,SWE,1997,0
Sweden,SWE,1998,0
Sweden,SWE,1999,0
Sweden,SWE,2000,0
Sweden,SWE,2001,100
Sweden,SWE,2002,0
Sweden,SWE,2003,0
Sweden,SWE,2004,0
Sweden,SWE,2005,0
Sweden,SWE,2006,0
Sweden,SWE,2007,50
Sweden,SWE,2008,33.333335876464844
Sweden,SWE,2009,75
Sweden,SWE,2010,28.571414947509766
Sweden,SWE,2011,44.444454193115234
Sweden,SWE,2012,46.15384292602539
Sweden,SWE,2013,84.21054077148438
Sweden,SWE,2014,34.28571319580078
Sweden,SWE,2015,106.38298797607422
Sweden,SWE,2016,47.42268371582031
Sweden,SWE,2017,60.83915328979492
Sweden,SWE,2018,69.99999237060547
Sweden,SWE,2019,69.56521606445312
Sweden,SWE,2020,56.10859298706055
Sweden,SWE,2021,40.00000762939453
Switzerland,CHE,1991,100
Switzerland,CHE,1992,50
Switzerland,CHE,1993,33.333335876464844
Switzerland,CHE,1994,24.999988555908203
Switzerland,CHE,1995,20.000003814697266
Switzerland,CHE,1996,16.666675567626953
Switzerland,CHE,1997,0
Switzerland,CHE,1998,14.28571891784668
Switzerland,CHE,1999,24.999988555908203
Switzerland,CHE,2000,10.000001907348633
Switzerland,CHE,2001,18.18182373046875
Switzerland,CHE,2002,15.384614944458008
Switzerland,CHE,2003,19.99999237060547
Switzerland,CHE,2004,0
Switzerland,CHE,2005,16.666675567626953
Switzerland,CHE,2006,14.28571891784668
Switzerland,CHE,2007,20.833324432373047
Switzerland,CHE,2008,27.586210250854492
Switzerland,CHE,2009,45.94594192504883
Switzerland,CHE,2010,74.07406616210938
Switzerland,CHE,2011,78.72340393066406
Switzerland,CHE,2012,77.97618865966797
Switzerland,CHE,2013,67.22408294677734
Switzerland,CHE,2014,68.4000015258789
Switzerland,CHE,2015,32.89785385131836
Switzerland,CHE,2016,19.124221801757812
Switzerland,CHE,2017,26.256561279296875
Switzerland,CHE,2018,15.567445755004883
Switzerland,CHE,2019,11.979425430297852
Switzerland,CHE,2020,19.329654693603516
Switzerland,CHE,2021,15.671241760253906
Taiwan,TWN,2001,120.00000762939453
Taiwan,TWN,2002,31.818187713623047
Taiwan,TWN,2003,32.47126388549805
Taiwan,TWN,2004,26.681137084960938
Taiwan,TWN,2005,64.38355255126953
Taiwan,TWN,2006,51.770843505859375
Taiwan,TWN,2007,49.62251281738281
Taiwan,TWN,2008,105.1900405883789
Taiwan,TWN,2009,103.71661376953125
Taiwan,TWN,2010,138.4298553466797
Taiwan,TWN,2011,183.62188720703125
Taiwan,TWN,2012,159.4340362548828
Taiwan,TWN,2013,100.84855651855469
Taiwan,TWN,2014,64.67401885986328
Taiwan,TWN,2015,60.803497314453125
Taiwan,TWN,2016,30.43001937866211
Taiwan,TWN,2017,50.35581588745117
Taiwan,TWN,2018,62.6480712890625
Taiwan,TWN,2019,48.07632064819336
Taiwan,TWN,2020,51.263736724853516
Taiwan,TWN,2021,30.382251739501953
Thailand,THA,2007,6.25
Thailand,THA,2008,0.30961036682128906
Thailand,THA,2009,14.197528839111328
Thailand,THA,2010,31.35135269165039
Thailand,THA,2011,61.93415069580078
Thailand,THA,2012,427.8218688964844
Thailand,THA,2013,152.26443481445312
Thailand,THA,2014,53.75852584838867
Thailand,THA,2015,22.990989685058594
Thailand,THA,2016,42.010093688964844
Thailand,THA,2017,34.52769470214844
Thailand,THA,2018,-0.13207197189331055
Thailand,THA,2019,13.422966003417969
Thailand,THA,2020,0.27397871017456055
Thailand,THA,2021,1.596057415008545
Trinidad and Tobago,TTO,2001,400
Trinidad and Tobago,TTO,2002,51.968502044677734
Trinidad and Tobago,TTO,2003,55.233158111572266
Trinidad and Tobago,TTO,2004,45.19358825683594
Trinidad and Tobago,TTO,2005,7.540237903594971
Trinidad and Tobago,TTO,2006,14.835393905639648
Trinidad and Tobago,TTO,2007,7.259869575500488
Trinidad and Tobago,TTO,2008,8.642827987670898
Trinidad and Tobago,TTO,2009,12.939286231994629
Trinidad and Tobago,TTO,2010,13.267337799072266
Trinidad and Tobago,TTO,2011,0
Trinidad and Tobago,TTO,2012,0
Trinidad and Tobago,TTO,2013,0
Trinidad and Tobago,TTO,2014,12.087905883789062
Trinidad and Tobago,TTO,2015,14.772725105285645
Trinidad and Tobago,TTO,2016,0
Trinidad and Tobago,TTO,2017,0
Trinidad and Tobago,TTO,2018,-9.338170051574707
Trinidad and Tobago,TTO,2019,0
Trinidad and Tobago,TTO,2020,0.2956271171569824
Trinidad and Tobago,TTO,2021,-0.27321577072143555
Turkey,TUR,2011,19.23074722290039
Turkey,TUR,2012,48.793663024902344
Turkey,TUR,2013,59.34604263305664
Turkey,TUR,2014,156.4626007080078
Turkey,TUR,2015,1015.6321411132812
Turkey,TUR,2016,437.3480224609375
Turkey,TUR,2017,176.99168395996094
Turkey,TUR,2018,169.95465087890625
Turkey,TUR,2019,18.59022331237793
Turkey,TUR,2020,18.38311004638672
Turkey,TUR,2021,17.20212745666504
Turkmenistan,TKM,2011,186.36363220214844
Turkmenistan,TKM,2012,114.87293243408203
Turkmenistan,TKM,2013,88.37271118164062
Turkmenistan,TKM,2014,68.62745666503906
Turkmenistan,TKM,2015,67.44185638427734
Turkmenistan,TKM,2016,33.6986198425293
Turkmenistan,TKM,2017,-0.27321577072143555
Turkmenistan,TKM,2018,0
Turkmenistan,TKM,2019,0
Turkmenistan,TKM,2020,0.27396678924560547
Turkmenistan,TKM,2021,-0.27321577072143555
Ukraine,UKR,2012,1007.3089599609375
Ukraine,UKR,2013,71.01709747314453
Ukraine,UKR,2014,-24.736845016479492
Ukraine,UKR,2015,11.072265625
Ukraine,UKR,2016,3.0010461807250977
Ukraine,UKR,2017,47.04564666748047
Ukraine,UKR,2018,53.45710372924805
Ukraine,UKR,2019,164.81265258789062
Ukraine,UKR,2020,83.07420349121094
Ukraine,UKR,2021,17.825305938720703
United Arab Emirates,ARE,2010,189.95909118652344
United Arab Emirates,ARE,2011,12.331735610961914
United Arab Emirates,ARE,2012,17.13374900817871
United Arab Emirates,ARE,2013,252.37603759765625
United Arab Emirates,ARE,2014,261.06317138671875
United Arab Emirates,ARE,2015,0.25418996810913086
United Arab Emirates,ARE,2016,1.6697049140930176
United Arab Emirates,ARE,2017,135.12747192382812
United Arab Emirates,ARE,2018,77.04267883300781
United Arab Emirates,ARE,2019,189.42514038085938
United Arab Emirates,ARE,2020,20.534276962280273
United Arab Emirates,ARE,2021,12.683653831481934
United Kingdom,GBR,1985,0
United Kingdom,GBR,1986,0
United Kingdom,GBR,1987,-100
United Kingdom,GBR,1989,-100
United Kingdom,GBR,2000,0
United Kingdom,GBR,2001,100
United Kingdom,GBR,2002,50
United Kingdom,GBR,2003,0
United Kingdom,GBR,2004,33.333335876464844
United Kingdom,GBR,2005,100
United Kingdom,GBR,2006,37.4999885559082
United Kingdom,GBR,2007,27.272737503051758
United Kingdom,GBR,2008,21.428573608398438
United Kingdom,GBR,2009,17.64826774597168
United Kingdom,GBR,2010,101.3834228515625
United Kingdom,GBR,2011,504.9676513671875
United Kingdom,GBR,2012,455.5875244140625
United Kingdom,GBR,2013,48.49431610107422
United Kingdom,GBR,2014,101.6683578491211
United Kingdom,GBR,2015,85.81026458740234
United Kingdom,GBR,2016,38.166954040527344
United Kingdom,GBR,2017,10.256851196289062
United Kingdom,GBR,2018,10.395622253417969
United Kingdom,GBR,2019,-0.6970882415771484
United Kingdom,GBR,2020,4.593777656555176
United Kingdom,GBR,2021,-5.879169464111328
United States,USA,1984,76.70033264160156
United States,USA,1985,102.5533676147461
United States,USA,1986,32.00374984741211
United States,USA,1987,-25.192415237426758
United States,USA,1988,-13.365721702575684
United States,USA,1989,2655.673828125
United States,USA,1990,46.48265838623047
United States,USA,1991,28.980422973632812
United States,USA,1992,-14.512908935546875
United States,USA,1993,16.220687866210938
United States,USA,1994,5.621433258056641
United States,USA,1995,2.510356903076172
United States,USA,1996,5.222761631011963
United States,USA,1997,-1.5970587730407715
United States,USA,1998,-1.5086233615875244
United States,USA,1999,-1.2040674686431885
United States,USA,2000,0.0329136848449707
United States,USA,2001,10.768961906433105
United States,USA,2002,4.7438859939575195
United States,USA,2003,1.505434513092041
United States,USA,2004,14.325321197509766
United States,USA,2005,7.272005081176758
United States,USA,2006,10.085641860961914
United States,USA,2007,32.86848068237305
United States,USA,2008,49.08225631713867
United States,USA,2009,27.120685577392578
United States,USA,2010,45.13939666748047
United States,USA,2011,57.28000259399414
United States,USA,2012,90.69839477539062
United States,USA,2013,77.48888397216797
United States,USA,2014,82.14910125732422
United States,USA,2015,34.94675064086914
United States,USA,2016,40.56671905517578
United States,USA,2017,40.8468017578125
United States,USA,2018,20.818614959716797
United States,USA,2019,14.490437507629395
United States,USA,2020,22.290302276611328
United States,USA,2021,25.230836868286133
Upper-middle-income countries,,1991,33.333335876464844
Upper-middle-income countries,,1992,50
Upper-middle-income countries,,1993,33.333335876464844
Upper-middle-income countries,,1994,24.999988555908203
Upper-middle-income countries,,1995,20.000003814697266
Upper-middle-income countries,,1996,25
Upper-middle-income countries,,1997,13.333344459533691
Upper-middle-income countries,,1998,23.62940216064453
Upper-middle-income countries,,1999,14.316987991333008
Upper-middle-income countries,,2000,67.19808959960938
Upper-middle-income countries,,2001,30.720508575439453
Upper-middle-income countries,,2002,39.20359802246094
Upper-middle-income countries,,2003,26.36418342590332
Upper-middle-income countries,,2004,17.48589324951172
Upper-middle-income countries,,2005,10.23106575012207
Upper-middle-income countries,,2006,33.906246185302734
Upper-middle-income countries,,2007,13.610637664794922
Upper-middle-income countries,,2008,27.34442901611328
Upper-middle-income countries,,2009,63.017677307128906
Upper-middle-income countries,,2010,121.71113586425781
Upper-middle-income countries,,2011,250.41343688964844
Upper-middle-income countries,,2012,75.75090789794922
Upper-middle-income countries,,2013,136.4957275390625
Upper-middle-income countries,,2014,146.09112548828125
Upper-middle-income countries,,2015,63.58888244628906
Upper-middle-income countries,,2016,61.14385223388672
Upper-middle-income countries,,2017,73.27893829345703
Upper-middle-income countries,,2018,51.75491714477539
Upper-middle-income countries,,2019,28.435766220092773
Upper-middle-income countries,,2020,18.311965942382812
Upper-middle-income countries,,2021,24.6243839263916
Uzbekistan,UZB,2017,35.47275161743164
Uzbekistan,UZB,2018,8.53736400604248
Uzbekistan,UZB,2019,0
Uzbekistan,UZB,2020,0.27396678924560547
Uzbekistan,UZB,2021,622.61376953125
Venezuela,VEN,2011,21.138214111328125
Venezuela,VEN,2012,75.16778564453125
Venezuela,VEN,2013,2.6819825172424316
Venezuela,VEN,2014,-13.059700012207031
Venezuela,VEN,2015,-21.6738224029541
Venezuela,VEN,2016,0
Venezuela,VEN,2017,8.493148803710938
Venezuela,VEN,2018,0
Venezuela,VEN,2019,-22.22222137451172
Venezuela,VEN,2020,0.27396678924560547
Venezuela,VEN,2021,-0.27321577072143555
Vietnam,VNM,2011,0
Vietnam,VNM,2012,0
Vietnam,VNM,2013,0
Vietnam,VNM,2014,13.110578536987305
Vietnam,VNM,2015,0
Vietnam,VNM,2016,-20.677762985229492
Vietnam,VNM,2017,51.07752227783203
Vietnam,VNM,2018,1213.713623046875
Vietnam,VNM,2019,4902.0859375
Vietnam,VNM,2020,106.78663635253906
Vietnam,VNM,2021,137.2967071533203
Western Africa (BP),,2001,24.457191467285156
Western Africa (BP),,2002,-16.171730041503906
Western Africa (BP),,2003,49.4593620300293
Western Africa (BP),,2004,37.24322509765625
Western Africa (BP),,2005,25.29892921447754
Western Africa (BP),,2006,27.7839298248291
Western Africa (BP),,2007,27.73821258544922
Western Africa (BP),,2008,15.347301483154297
Western Africa (BP),,2009,14.912975311279297
Western Africa (BP),,2010,93.9112777709961
Western Africa (BP),,2011,47.62027359008789
Western Africa (BP),,2012,78.4473648071289
Western Africa (BP),,2013,47.603641510009766
Western Africa (BP),,2014,9.941280364990234
Western Africa (BP),,2015,19.87392807006836
Western Africa (BP),,2016,195.8170623779297
Western Africa (BP),,2017,-22.39847183227539
Western Africa (BP),,2018,96.08109283447266
Western Africa (BP),,2019,25.878297805786133
Western Africa (BP),,2020,3.919839859008789
Western Africa (BP),,2021,44.04444885253906
World,OWID_WRL,1984,110.37037658691406
World,OWID_WRL,1985,86.13955688476562
World,OWID_WRL,1986,29.251934051513672
World,OWID_WRL,1987,-30.168973922729492
World,OWID_WRL,1988,-3.8391828536987305
World,OWID_WRL,1989,2471.834716796875
World,OWID_WRL,1990,48.077999114990234
World,OWID_WRL,1991,30.108034133911133
World,OWID_WRL,1992,-7.644015312194824
World,OWID_WRL,1993,19.313180923461914
World,OWID_WRL,1994,7.242071628570557
World,OWID_WRL,1995,7.00148344039917
World,OWID_WRL,1996,9.454107284545898
World,OWID_WRL,1997,7.204842567443848
World,OWID_WRL,1998,8.298480987548828
World,OWID_WRL,1999,11.506425857543945
World,OWID_WRL,2000,16.987812042236328
World,OWID_WRL,2001,34.40278625488281
World,OWID_WRL,2002,26.399076461791992
World,OWID_WRL,2003,25.351821899414062
World,OWID_WRL,2004,31.768726348876953
World,OWID_WRL,2005,40.90794372558594
World,OWID_WRL,2006,37.608970642089844
World,OWID_WRL,2007,35.68427658081055
World,OWID_WRL,2008,62.41455078125
World,OWID_WRL,2009,65.97046661376953
World,OWID_WRL,2010,60.915409088134766
World,OWID_WRL,2011,93.39388275146484
World,OWID_WRL,2012,54.82964324951172
World,OWID_WRL,2013,36.49818801879883
World,OWID_WRL,2014,41.66986846923828
World,OWID_WRL,2015,29.733264923095703
World,OWID_WRL,2016,28.595661163330078
World,OWID_WRL,2017,35.985267639160156
World,OWID_WRL,2018,29.354549407958984
World,OWID_WRL,2019,22.164535522460938
World,OWID_WRL,2020,20.211612701416016
World,OWID_WRL,2021,22.01198387145996