Entity,Code,Year,Wind (% growth)
Africa,,1994,170
Africa,,1995,16.666662216186523
Africa,,1996,12.69841194152832
Africa,,1997,1.4084458351135254
Africa,,1998,5.555558204650879
Africa,,1999,160.52630615234375
Africa,,2000,786.3637084960938
Africa,,2001,136.79771423339844
Africa,,2002,6.738543510437012
Africa,,2003,20.7435245513916
Africa,,2004,43.4432258605957
Africa,,2005,1.575148105621338
Africa,,2006,9.24975872039795
Africa,,2007,19.19591522216797
Africa,,2008,29.083656311035156
Africa,,2009,21.15088653564453
Africa,,2010,43.75395965576172
Africa,,2011,4.461276531219482
Africa,,2012,5.4106950759887695
Africa,,2013,42.84480667114258
Africa,,2014,40.81388854980469
Africa,,2015,76.09799194335938
Africa,,2016,25.426589965820312
Africa,,2017,11.46242618560791
Africa,,2018,18.558120727539062
Africa,,2019,30.890453338623047
Africa,,2020,10.197091102600098
Africa,,2021,14.613378524780273
Africa (BP),,1994,170
Africa (BP),,1995,16.666662216186523
Africa (BP),,1996,12.69841194152832
Africa (BP),,1997,1.4084458351135254
Africa (BP),,1998,5.555558204650879
Africa (BP),,1999,160.52630615234375
Africa (BP),,2000,786.3637084960938
Africa (BP),,2001,136.79771423339844
Africa (BP),,2002,6.738531589508057
Africa (BP),,2003,20.74353790283203
Africa (BP),,2004,43.4432258605957
Africa (BP),,2005,1.575148105621338
Africa (BP),,2006,9.24975872039795
Africa (BP),,2007,19.19591522216797
Africa (BP),,2008,29.083656311035156
Africa (BP),,2009,21.15088653564453
Africa (BP),,2010,43.75395965576172
Africa (BP),,2011,4.461276531219482
Africa (BP),,2012,5.4106950759887695
Africa (BP),,2013,42.84480667114258
Africa (BP),,2014,40.81388854980469
Africa (BP),,2015,76.09799194335938
Africa (BP),,2016,25.426589965820312
Africa (BP),,2017,11.46242618560791
Africa (BP),,2018,18.558120727539062
Africa (BP),,2019,30.890453338623047
Africa (BP),,2020,10.197103500366211
Africa (BP),,2021,14.61336612701416
Algeria,DZA,2015,1799.999755859375
Algeria,DZA,2016,0.27397871017456055
Algeria,DZA,2017,-0.2732276916503906
Algeria,DZA,2018,-47.3684196472168
Algeria,DZA,2019,0
Algeria,DZA,2020,-22.999996185302734
Algeria,DZA,2021,36.3636360168457
Argentina,ARG,1997,51.71553039550781
Argentina,ARG,1998,123.00574493408203
Argentina,ARG,1999,6.883633136749268
Argentina,ARG,2000,-0.06612539291381836
Argentina,ARG,2001,42.01334762573242
Argentina,ARG,2002,48.710514068603516
Argentina,ARG,2003,6.1971306800842285
Argentina,ARG,2004,-7.065701484680176
Argentina,ARG,2005,-1.0025978088378906
Argentina,ARG,2006,-2.8997063636779785
Argentina,ARG,2007,-11.555147171020508
Argentina,ARG,2008,-31.889862060546875
Argentina,ARG,2009,-12.203621864318848
Argentina,ARG,2010,-31.16873550415039
Argentina,ARG,2011,4.887044429779053
Argentina,ARG,2012,1290.9527587890625
Argentina,ARG,2013,22.574066162109375
Argentina,ARG,2014,36.64593505859375
Argentina,ARG,2015,-4.2221784591674805
Argentina,ARG,2016,-7.748741149902344
Argentina,ARG,2017,11.73051643371582
Argentina,ARG,2018,131.0037841796875
Argentina,ARG,2019,253.6359100341797
Argentina,ARG,2020,88.36473083496094
Argentina,ARG,2021,37.47792053222656
Asia,,1991,269.1145935058594
Asia,,1992,79.49714660644531
Asia,,1993,40.341712951660156
Asia,,1994,86.56655883789062
Asia,,1995,92.80984497070312
Asia,,1996,-12.355417251586914
Asia,,1997,22.41604232788086
Asia,,1998,21.919357299804688
Asia,,1999,39.21696090698242
Asia,,2000,17.385482788085938
Asia,,2001,34.32675552368164
Asia,,2002,8.428585052490234
Asia,,2003,32.38945007324219
Asia,,2004,77.37812805175781
Asia,,2005,25.78765106201172
Asia,,2006,56.6517333984375
Asia,,2007,32.83201599121094
Asia,,2008,52.93601608276367
Asia,,2009,55.3455810546875
Asia,,2010,53.85056686401367
Asia,,2011,41.233489990234375
Asia,,2012,30.84922981262207
Asia,,2013,28.39410400390625
Asia,,2014,14.08240795135498
Asia,,2015,14.163410186767578
Asia,,2016,29.574085235595703
Asia,,2017,25.217676162719727
Asia,,2018,19.122493743896484
Asia,,2019,10.402059555053711
Asia,,2020,12.590181350708008
Asia,,2021,35.721588134765625
Asia Pacific (BP),,1991,277.4403076171875
Asia Pacific (BP),,1992,80.71507263183594
Asia Pacific (BP),,1993,41.43917465209961
Asia Pacific (BP),,1994,87.14543914794922
Asia Pacific (BP),,1995,92.19058990478516
Asia Pacific (BP),,1996,-11.625904083251953
Asia Pacific (BP),,1997,22.472143173217773
Asia Pacific (BP),,1998,22.7027530670166
Asia Pacific (BP),,1999,37.84357452392578
Asia Pacific (BP),,2000,24.87267303466797
Asia Pacific (BP),,2001,37.18729019165039
Asia Pacific (BP),,2002,15.625249862670898
Asia Pacific (BP),,2003,31.32181167602539
Asia Pacific (BP),,2004,72.00724792480469
Asia Pacific (BP),,2005,30.83264923095703
Asia Pacific (BP),,2006,54.50127029418945
Asia Pacific (BP),,2007,32.489967346191406
Asia Pacific (BP),,2008,46.6475715637207
Asia Pacific (BP),,2009,52.01811981201172
Asia Pacific (BP),,2010,48.56375503540039
Asia Pacific (BP),,2011,39.353477478027344
Asia Pacific (BP),,2012,30.094385147094727
Asia Pacific (BP),,2013,27.584325790405273
Asia Pacific (BP),,2014,13.689315795898438
Asia Pacific (BP),,2015,13.433874130249023
Asia Pacific (BP),,2016,28.0303955078125
Asia Pacific (BP),,2017,24.410892486572266
Asia Pacific (BP),,2018,19.356643676757812
Asia Pacific (BP),,2019,10.717260360717773
Asia Pacific (BP),,2020,12.413156509399414
Asia Pacific (BP),,2021,35.47989273071289
Australia,AUS,1994,174.99996948242188
Australia,AUS,1995,27.272737503051758
Australia,AUS,1996,0
Australia,AUS,1997,7.142853736877441
Australia,AUS,1998,139.99998474121094
Australia,AUS,1999,138.88890075683594
Australia,AUS,2000,211.62791442871094
Australia,AUS,2001,114.17910766601562
Australia,AUS,2002,85.90592956542969
Australia,AUS,2003,31.955766677856445
Australia,AUS,2004,12.91811466217041
Australia,AUS,2005,63.40251159667969
Australia,AUS,2006,66.43701934814453
Australia,AUS,2007,31.91341209411621
Australia,AUS,2008,21.259784698486328
Australia,AUS,2009,28.316152572631836
Australia,AUS,2010,12.331700325012207
Australia,AUS,2011,29.027080535888672
Australia,AUS,2012,20.10260772705078
Australia,AUS,2013,19.857608795166016
Australia,AUS,2014,5.5945634841918945
Australia,AUS,2015,21.028959274291992
Australia,AUS,2016,10.197782516479492
Australia,AUS,2017,1.3120293617248535
Australia,AUS,2018,23.09600067138672
Australia,AUS,2019,19.737672805786133
Australia,AUS,2020,16.101348876953125
Australia,AUS,2021,18.529678344726562
Austria,AUT,1996,399.99993896484375
Austria,AUT,1997,300
Austria,AUT,1998,125.0000228881836
Austria,AUT,1999,13.333332061767578
Austria,AUT,2000,31.37255859375
Austria,AUT,2001,156.71641540527344
Austria,AUT,2002,18.023252487182617
Austria,AUT,2003,80.29557800292969
Austria,AUT,2004,152.4590301513672
Austria,AUT,2005,44.07756423950195
Austria,AUT,2006,31.662548065185547
Austria,AUT,2007,16.225074768066406
Austria,AUT,2008,-1.2727141380310059
Austria,AUT,2009,-2.844846248626709
Austria,AUT,2010,5.622899532318115
Austria,AUT,2011,-6.18618106842041
Austria,AUT,2012,27.15538787841797
Austria,AUT,2013,28.074514389038086
Austria,AUT,2014,21.962749481201172
Austria,AUT,2015,25.861549377441406
Austria,AUT,2016,8.15015983581543
Austria,AUT,2017,25.534175872802734
Austria,AUT,2018,-8.233749389648438
Austria,AUT,2019,23.541391372680664
Austria,AUT,2020,-8.839452743530273
Austria,AUT,2021,-0.5836904048919678
Azerbaijan,AZE,2010,-76.19047546386719
Azerbaijan,AZE,2011,-100
Azerbaijan,AZE,2014,187.50003051757812
Azerbaijan,AZE,2015,100
Azerbaijan,AZE,2016,395.65216064453125
Azerbaijan,AZE,2017,-3.0701756477355957
Azerbaijan,AZE,2018,274.2081298828125
Azerbaijan,AZE,2019,27.448617935180664
Azerbaijan,AZE,2020,-8.823532104492188
Azerbaijan,AZE,2021,-4.890746116638184
Bangladesh,BGD,2007,0
Bangladesh,BGD,2008,81.25
Bangladesh,BGD,2009,75.86207580566406
Bangladesh,BGD,2010,0
Bangladesh,BGD,2011,0
Bangladesh,BGD,2012,0
Bangladesh,BGD,2013,-0.3725588321685791
Bangladesh,BGD,2014,0
Bangladesh,BGD,2015,0
Bangladesh,BGD,2016,0
Bangladesh,BGD,2017,0
Bangladesh,BGD,2018,0
Bangladesh,BGD,2019,0
Bangladesh,BGD,2020,0.2739906311035156
Bangladesh,BGD,2021,-0.2732396125793457
Belarus,BLR,2005,-0.9999990463256836
Belarus,BLR,2006,0
Belarus,BLR,2007,0
Belarus,BLR,2008,0
Belarus,BLR,2009,0
Belarus,BLR,2010,0
Belarus,BLR,2011,300
Belarus,BLR,2012,50
Belarus,BLR,2013,33.333335876464844
Belarus,BLR,2014,12.499988555908203
Belarus,BLR,2015,333.3333435058594
Belarus,BLR,2016,87.17948150634766
Belarus,BLR,2017,32.87671661376953
Belarus,BLR,2018,2.0618557929992676
Belarus,BLR,2019,67.6767578125
Belarus,BLR,2020,11.445784568786621
Belarus,BLR,2021,-0.2732217311859131
Belgium,BEL,1988,33.333335876464844
Belgium,BEL,1989,-12.5
Belgium,BEL,1990,0
Belgium,BEL,1991,14.28571891784668
Belgium,BEL,1992,12.499988555908203
Belgium,BEL,1993,-11.111104965209961
Belgium,BEL,1994,12.499988555908203
Belgium,BEL,1995,0
Belgium,BEL,1996,-11.111104965209961
Belgium,BEL,1997,0
Belgium,BEL,1998,37.4999885559082
Belgium,BEL,1999,18.18182373046875
Belgium,BEL,2000,23.076927185058594
Belgium,BEL,2001,131.25
Belgium,BEL,2002,54.05405807495117
Belgium,BEL,2003,54.38595962524414
Belgium,BEL,2004,61.3636360168457
Belgium,BEL,2005,59.85914611816406
Belgium,BEL,2006,61.23348617553711
Belgium,BEL,2007,34.15300750732422
Belgium,BEL,2008,29.73524284362793
Belgium,BEL,2009,56.3579216003418
Belgium,BEL,2010,29.718887329101562
Belgium,BEL,2011,78.9473648071289
Belgium,BEL,2012,18.987882614135742
Belgium,BEL,2013,33.22428512573242
Belgium,BEL,2014,25.92906951904297
Belgium,BEL,2015,20.772207260131836
Belgium,BEL,2016,-2.8112590312957764
Belgium,BEL,2017,20.323776245117188
Belgium,BEL,2018,16.15605354309082
Belgium,BEL,2019,28.776718139648438
Belgium,BEL,2020,30.90603256225586
Belgium,BEL,2021,-6.9317522048950195
Brazil,BRA,1997,100
Brazil,BRA,1998,24.999988555908203
Brazil,BRA,1999,-59.999996185302734
Brazil,BRA,2000,-50
Brazil,BRA,2001,3389.999755859375
Brazil,BRA,2002,74.78511047363281
Brazil,BRA,2003,0
Brazil,BRA,2004,0
Brazil,BRA,2005,52.29507827758789
Brazil,BRA,2006,155.113037109375
Brazil,BRA,2007,179.65478515625
Brazil,BRA,2008,78.49010467529297
Brazil,BRA,2009,4.649198055267334
Brazil,BRA,2010,75.81243896484375
Brazil,BRA,2011,24.268173217773438
Brazil,BRA,2012,86.70726776123047
Brazil,BRA,2013,30.21509552001953
Brazil,BRA,2014,85.6828842163086
Brazil,BRA,2015,77.11101531982422
Brazil,BRA,2016,54.8568115234375
Brazil,BRA,2017,26.529359817504883
Brazil,BRA,2018,14.400315284729004
Brazil,BRA,2019,15.493476867675781
Brazil,BRA,2020,1.9024252891540527
Brazil,BRA,2021,26.704788208007812
Bulgaria,BGR,2005,399.99993896484375
Bulgaria,BGR,2006,300
Bulgaria,BGR,2007,134.99998474121094
Bulgaria,BGR,2008,159.57447814941406
Bulgaria,BGR,2009,94.26229095458984
Bulgaria,BGR,2010,187.34176635742188
Bulgaria,BGR,2011,26.43171501159668
Bulgaria,BGR,2012,41.81183624267578
Bulgaria,BGR,2013,12.530708312988281
Bulgaria,BGR,2014,-3.1295478343963623
Bulgaria,BGR,2015,9.090911865234375
Bulgaria,BGR,2016,-1.8595099449157715
Bulgaria,BGR,2017,5.548346042633057
Bulgaria,BGR,2018,-12.362569808959961
Bulgaria,BGR,2019,-0.08519291877746582
Bulgaria,BGR,2020,12.158763885498047
Bulgaria,BGR,2021,-2.9725492000579834
CIS (BP),,2001,63.15789031982422
CIS (BP),,2002,100
CIS (BP),,2003,38.70967483520508
CIS (BP),,2004,-6.859296798706055
CIS (BP),,2005,-2.6229500770568848
CIS (BP),,2006,12.820518493652344
CIS (BP),,2007,19.31817626953125
CIS (BP),,2008,-22.857141494750977
CIS (BP),,2009,38.2715950012207
CIS (BP),,2010,-12.62500286102295
CIS (BP),,2011,28.132034301757812
CIS (BP),,2012,44.47722625732422
CIS (BP),,2013,16.59141731262207
CIS (BP),,2014,494.9862060546875
CIS (BP),,2015,161.84146118164062
CIS (BP),,2016,59.212432861328125
CIS (BP),,2017,15.854144096374512
CIS (BP),,2018,36.59385299682617
CIS (BP),,2019,63.45243453979492
CIS (BP),,2020,84.51783752441406
CIS (BP),,2021,84.19511413574219
Canada,CAN,1986,0
Canada,CAN,1987,0
Canada,CAN,1988,0
Canada,CAN,1989,0
Canada,CAN,1990,91.91919708251953
Canada,CAN,1991,0
Canada,CAN,1992,2974.21044921875
Canada,CAN,1993,0
Canada,CAN,1994,0
Canada,CAN,1995,0
Canada,CAN,1996,5.084741115570068
Canada,CAN,1997,0
Canada,CAN,1998,0
Canada,CAN,1999,161.2903289794922
Canada,CAN,2000,62.96295928955078
Canada,CAN,2001,24.621212005615234
Canada,CAN,2002,23.100303649902344
Canada,CAN,2003,70.370361328125
Canada,CAN,2004,36.95652389526367
Canada,CAN,2005,65.86820983886719
Canada,CAN,2006,57.775901794433594
Canada,CAN,2007,21.601247787475586
Canada,CAN,2008,25.978147506713867
Canada,CAN,2009,75.31019592285156
Canada,CAN,2010,31.355751037597656
Canada,CAN,2011,16.78529930114746
Canada,CAN,2012,11.0213041305542
Canada,CAN,2013,-1.4679312705993652
Canada,CAN,2014,14.99830436706543
Canada,CAN,2015,110.39433288574219
Canada,CAN,2016,14.709890365600586
Canada,CAN,2017,1.8766164779663086
Canada,CAN,2018,5.175065994262695
Canada,CAN,2019,-0.8112788200378418
Canada,CAN,2020,8.414602279663086
Canada,CAN,2021,-1.4726698398590088
Central America (BP),,1997,235.15383911132812
Central America (BP),,1998,-15.194379806518555
Central America (BP),,1999,55.207157135009766
Central America (BP),,2000,75.58293151855469
Central America (BP),,2001,2.5403738021850586
Central America (BP),,2002,41.739166259765625
Central America (BP),,2003,-9.47272777557373
Central America (BP),,2004,10.95029067993164
Central America (BP),,2005,-20.796340942382812
Central America (BP),,2006,34.52544403076172
Central America (BP),,2007,-11.67166805267334
Central America (BP),,2008,-17.604022979736328
Central America (BP),,2009,112.73856353759766
Central America (BP),,2010,23.846567153930664
Central America (BP),,2011,42.13370132446289
Central America (BP),,2012,52.24073028564453
Central America (BP),,2013,19.45726776123047
Central America (BP),,2014,55.225074768066406
Central America (BP),,2015,49.73257827758789
Central America (BP),,2016,5.2352070808410645
Central America (BP),,2017,-2.724587917327881
Central America (BP),,2018,38.19743347167969
Central America (BP),,2019,-0.797504186630249
Central America (BP),,2020,-15.625357627868652
Central America (BP),,2021,9.489727020263672
Chile,CHL,2002,0
Chile,CHL,2003,0
Chile,CHL,2004,-28.57143211364746
Chile,CHL,2005,40.00000762939453
Chile,CHL,2006,0
Chile,CHL,2007,59.99999237060547
Chile,CHL,2008,240.3851776123047
Chile,CHL,2009,107.26053619384766
Chile,CHL,2010,311.73095703125
Chile,CHL,2011,3.771495819091797
Chile,CHL,2012,20.96941375732422
Chile,CHL,2013,33.47021484375
Chile,CHL,2014,164.75596618652344
Chile,CHL,2015,46.533058166503906
Chile,CHL,2016,15.94550609588623
Chile,CHL,2017,47.870994567871094
Chile,CHL,2018,-1.0388672351837158
Chile,CHL,2019,36.43715286254883
Chile,CHL,2020,14.444314956665039
Chile,CHL,2021,69.24747467041016
China,CHN,1991,349.99993896484375
China,CHN,1992,1344.4444580078125
China,CHN,1993,61.53847122192383
China,CHN,1994,80.95238494873047
China,CHN,1995,60.52632141113281
China,CHN,1996,-84.75409698486328
China,CHN,1997,110.75267791748047
China,CHN,1998,79.59184265136719
China,CHN,1999,33.2386360168457
China,CHN,2000,24.520254135131836
China,CHN,2001,21.917808532714844
China,CHN,2002,16.43258285522461
China,CHN,2003,19.05910873413086
China,CHN,2004,28.166162490844727
China,CHN,2005,52.300392150878906
China,CHN,2006,90.73497009277344
China,CHN,2007,47.617496490478516
China,CHN,2008,139.0819549560547
China,CHN,2009,110.80150604248047
China,CHN,2010,78.88692474365234
China,CHN,2011,50.001155853271484
China,CHN,2012,39.06869888305664
China,CHN,2013,34.17201232910156
China,CHN,2014,15.548908233642578
China,CHN,2015,16.166950225830078
China,CHN,2016,29.779958724975586
China,CHN,2017,26.463245391845703
China,CHN,2018,20.091915130615234
China,CHN,2019,10.79825210571289
China,CHN,2020,15.099930763244629
China,CHN,2021,40.53590393066406
Colombia,COL,2005,-4.827851295471191
Colombia,COL,2006,27.28656578063965
Colombia,COL,2007,-20.784574508666992
Colombia,COL,2008,8.071983337402344
Colombia,COL,2009,7.028508186340332
Colombia,COL,2010,-33.16343307495117
Colombia,COL,2011,7.005524635314941
Colombia,COL,2012,32.91040802001953
Colombia,COL,2013,5.049872398376465
Colombia,COL,2014,21.875118255615234
Colombia,COL,2015,-2.63824462890625
Colombia,COL,2016,-25.578767776489258
Colombia,COL,2017,-93.96427917480469
Colombia,COL,2018,1314.3299560546875
Colombia,COL,2019,45.764278411865234
Colombia,COL,2020,-84.01768493652344
Colombia,COL,2021,491.4253845214844
Croatia,HRV,2005,399.99993896484375
Croatia,HRV,2006,90
Croatia,HRV,2007,84.21054077148438
Croatia,HRV,2008,14.285707473754883
Croatia,HRV,2009,35.000003814697266
Croatia,HRV,2010,157.40740966796875
Croatia,HRV,2011,44.60432434082031
Croatia,HRV,2012,63.68159103393555
Croatia,HRV,2013,57.14286422729492
Croatia,HRV,2014,41.19921875
Croatia,HRV,2015,9.041094779968262
Croatia,HRV,2016,27.386940002441406
Croatia,HRV,2017,18.737661361694336
Croatia,HRV,2018,10.91362190246582
Croatia,HRV,2019,9.877193450927734
Croatia,HRV,2020,17.269813537597656
Croatia,HRV,2021,20.144128799438477
Cyprus,CYP,2005,0
Cyprus,CYP,2006,0
Cyprus,CYP,2007,0.2816915512084961
Cyprus,CYP,2008,0
Cyprus,CYP,2009,0
Cyprus,CYP,2010,8607.865234375
Cyprus,CYP,2011,267.741943359375
Cyprus,CYP,2012,62.28070068359375
Cyprus,CYP,2013,24.864864349365234
Cyprus,CYP,2014,-20.389610290527344
Cyprus,CYP,2015,20.6400146484375
Cyprus,CYP,2016,2.183389663696289
Cyprus,CYP,2017,-6.727367401123047
Cyprus,CYP,2018,4.33199405670166
Cyprus,CYP,2019,8.138799667358398
Cyprus,CYP,2020,0.7725358009338379
Cyprus,CYP,2021,2.524876594543457
Czechia,CZE,2002,700
Czechia,CZE,2003,143.75
Czechia,CZE,2004,153.84616088867188
Czechia,CZE,2005,114.9494857788086
Czechia,CZE,2006,132.025390625
Czechia,CZE,2007,153.363037109375
Czechia,CZE,2008,95.5754623413086
Czechia,CZE,2009,17.741287231445312
Czechia,CZE,2010,16.463529586791992
Czechia,CZE,2011,18.273712158203125
Czechia,CZE,2012,5.166327953338623
Czechia,CZE,2013,14.617788314819336
Czechia,CZE,2014,-0.37633180618286133
Czechia,CZE,2015,20.16788673400879
Czechia,CZE,2016,-13.202935218811035
Czechia,CZE,2017,18.921125411987305
Czechia,CZE,2018,3.0948996543884277
Czechia,CZE,2019,14.88027572631836
Czechia,CZE,2020,-0.12856721878051758
Czechia,CZE,2021,-13.958388328552246
Denmark,DNK,1979,100
Denmark,DNK,1980,75
Denmark,DNK,1981,0
Denmark,DNK,1982,76.19048309326172
Denmark,DNK,1983,46.48648452758789
Denmark,DNK,1984,22.50921630859375
Denmark,DNK,1985,54.81927490234375
Denmark,DNK,1986,144.35797119140625
Denmark,DNK,1987,38.37580871582031
Denmark,DNK,1988,67.83659362792969
Denmark,DNK,1989,46.86322021484375
Denmark,DNK,1990,42.46031188964844
Denmark,DNK,1991,21.26823616027832
Denmark,DNK,1992,23.685991287231445
Denmark,DNK,1993,12.977922439575195
Denmark,DNK,1994,9.940052032470703
Denmark,DNK,1995,3.5444140434265137
Denmark,DNK,1996,4.2130351066589355
Denmark,DNK,1997,57.64936065673828
Denmark,DNK,1998,45.791542053222656
Denmark,DNK,1999,7.415151596069336
Denmark,DNK,2000,40.01980972290039
Denmark,DNK,2001,1.528322696685791
Denmark,DNK,2002,13.258636474609375
Denmark,DNK,2003,14.022005081176758
Denmark,DNK,2004,18.384599685668945
Denmark,DNK,2005,0.469207763671875
Denmark,DNK,2006,-7.651066780090332
Denmark,DNK,2007,17.4074764251709
Denmark,DNK,2008,-3.3941268920898438
Denmark,DNK,2009,-2.9922962188720703
Denmark,DNK,2010,16.202985763549805
Denmark,DNK,2011,25.158859252929688
Denmark,DNK,2012,5.0720930099487305
Denmark,DNK,2013,8.309066772460938
Denmark,DNK,2014,17.577802658081055
Denmark,DNK,2015,8.063530921936035
Denmark,DNK,2016,-9.561681747436523
Denmark,DNK,2017,15.633785247802734
Denmark,DNK,2018,-5.940759181976318
Denmark,DNK,2019,16.169511795043945
Denmark,DNK,2020,1.1169195175170898
Denmark,DNK,2021,-1.8276453018188477
Eastern Africa (BP),,2001,-100
Eastern Africa (BP),,2003,33.33332443237305
Eastern Africa (BP),,2004,125
Eastern Africa (BP),,2005,44.44444274902344
Eastern Africa (BP),,2006,269.2308044433594
Eastern Africa (BP),,2007,129.16665649414062
Eastern Africa (BP),,2008,46.090911865234375
Eastern Africa (BP),,2009,66.14808654785156
Eastern Africa (BP),,2010,43.108619689941406
Eastern Africa (BP),,2011,-10.677838325500488
Eastern Africa (BP),,2012,351.152099609375
Eastern Africa (BP),,2013,104.38677978515625
Eastern Africa (BP),,2014,40.22495651245117
Eastern Africa (BP),,2015,76.23284912109375
Eastern Africa (BP),,2016,14.424049377441406
Eastern Africa (BP),,2017,-11.02658462524414
Eastern Africa (BP),,2018,8.963656425476074
Eastern Africa (BP),,2019,157.8850555419922
Eastern Africa (BP),,2020,-11.209476470947266
Eastern Africa (BP),,2021,33.156394958496094
Ecuador,ECU,2008,178.80296325683594
Ecuador,ECU,2009,19.45810317993164
Ecuador,ECU,2010,7.191109657287598
Ecuador,ECU,2011,-2.625441551208496
Ecuador,ECU,2012,-28.292835235595703
Ecuador,ECU,2013,2264.231689453125
Ecuador,ECU,2014,40.63188934326172
Ecuador,ECU,2015,23.906766891479492
Ecuador,ECU,2016,-15.026939392089844
Ecuador,ECU,2017,-12.57612133026123
Ecuador,ECU,2018,9.343015670776367
Ecuador,ECU,2019,6.565296649932861
Ecuador,ECU,2020,-9.852957725524902
Ecuador,ECU,2021,-19.571983337402344
Egypt,EGY,2000,570.8333129882812
Egypt,EGY,2001,122.3602523803711
Egypt,EGY,2002,18.715084075927734
Egypt,EGY,2003,34.58824157714844
Egypt,EGY,2004,76.24142456054688
Egypt,EGY,2005,1.202380657196045
Egypt,EGY,2006,18.613492965698242
Egypt,EGY,2007,9.482658386230469
Egypt,EGY,2008,40.362632751464844
Egypt,EGY,2009,11.548638343811035
Egypt,EGY,2010,35.86113357543945
Egypt,EGY,2011,6.080389022827148
Egypt,EGY,2012,-10.611396789550781
Egypt,EGY,2013,17.989778518676758
Egypt,EGY,2014,-34.787593841552734
Egypt,EGY,2015,84.27139282226562
Egypt,EGY,2016,26.50490951538086
Egypt,EGY,2017,-11.979704856872559
Egypt,EGY,2018,41.61095428466797
Egypt,EGY,2019,66.65803527832031
Egypt,EGY,2020,37.55204772949219
Egypt,EGY,2021,11.396587371826172
Estonia,EST,2003,335.71429443359375
Estonia,EST,2004,24.59016990661621
Estonia,EST,2005,609.2105102539062
Estonia,EST,2006,41.55844497680664
Estonia,EST,2007,19.26604461669922
Estonia,EST,2008,46.15385437011719
Estonia,EST,2009,46.61653137207031
Estonia,EST,2010,42.051292419433594
Estonia,EST,2011,32.85198211669922
Estonia,EST,2012,17.934776306152344
Estonia,EST,2013,21.889400482177734
Estonia,EST,2014,14.177692413330078
Estonia,EST,2015,18.394041061401367
Estonia,EST,2016,-16.9346981048584
Estonia,EST,2017,21.717178344726562
Estonia,EST,2018,-12.033194541931152
Estonia,EST,2019,8.018863677978516
Estonia,EST,2020,22.852981567382812
Estonia,EST,2021,-12.06645393371582
Europe,,1979,100
Europe,,1980,75
Europe,,1981,0
Europe,,1982,76.19048309326172
Europe,,1983,62.70270538330078
Europe,,1984,26.910293579101562
Europe,,1985,50.261783599853516
Europe,,1986,132.7526092529297
Europe,,1987,42.81438446044922
Europe,,1988,72.7987289428711
Europe,,1989,56.32393264770508
Europe,,1990,51.23407745361328
Europe,,1991,25.731599807739258
Europe,,1992,56.633079528808594
Europe,,1993,48.84393310546875
Europe,,1994,30.392229080200195
Europe,,1995,29.665111541748047
Europe,,1996,24.99479103088379
Europe,,1997,51.08966827392578
Europe,,1998,53.121639251708984
Europe,,1999,27.328336715698242
Europe,,2000,57.5540885925293
Europe,,2001,19.882774353027344
Europe,,2002,35.480403900146484
Europe,,2003,23.22702407836914
Europe,,2004,33.23068618774414
Europe,,2005,19.802593231201172
Europe,,2006,16.850387573242188
Europe,,2007,26.90833854675293
Europe,,2008,14.280689239501953
Europe,,2009,10.995340347290039
Europe,,2010,11.783051490783691
Europe,,2011,20.866382598876953
Europe,,2012,14.971744537353516
Europe,,2013,15.004754066467285
Europe,,2014,6.580114364624023
Europe,,2015,19.91641616821289
Europe,,2016,0.027883052825927734
Europe,,2017,19.184362411499023
Europe,,2018,4.681229591369629
Europe,,2019,14.171993255615234
Europe,,2020,11.672019958496094
Europe,,2021,-2.9782891273498535
Europe (BP),,1979,100
Europe (BP),,1980,75
Europe (BP),,1981,0
Europe (BP),,1982,76.19048309326172
Europe (BP),,1983,62.70269012451172
Europe (BP),,1984,26.910293579101562
Europe (BP),,1985,50.261783599853516
Europe (BP),,1986,132.7526092529297
Europe (BP),,1987,42.81437301635742
Europe (BP),,1988,72.79874420166016
Europe (BP),,1989,56.32393264770508
Europe (BP),,1990,51.23407745361328
Europe (BP),,1991,25.731586456298828
Europe (BP),,1992,56.63309097290039
Europe (BP),,1993,48.84393310546875
Europe (BP),,1994,30.392229080200195
Europe (BP),,1995,29.665111541748047
Europe (BP),,1996,24.99479103088379
Europe (BP),,1997,51.08966827392578
Europe (BP),,1998,53.19703674316406
Europe (BP),,1999,27.449094772338867
Europe (BP),,2000,57.54848861694336
Europe (BP),,2001,19.978750228881836
Europe (BP),,2002,35.3372688293457
Europe (BP),,2003,23.230552673339844
Europe (BP),,2004,33.18468475341797
Europe (BP),,2005,19.788658142089844
Europe (BP),,2006,16.940391540527344
Europe (BP),,2007,27.130054473876953
Europe (BP),,2008,14.701080322265625
Europe (BP),,2009,11.451995849609375
Europe (BP),,2010,12.697469711303711
Europe (BP),,2011,21.645700454711914
Europe (BP),,2012,15.201652526855469
Europe (BP),,2013,15.38504409790039
Europe (BP),,2014,6.73065185546875
Europe (BP),,2015,20.435476303100586
Europe (BP),,2016,1.2279272079467773
Europe (BP),,2017,19.010114669799805
Europe (BP),,2018,4.972243309020996
Europe (BP),,2019,13.88866901397705
Europe (BP),,2020,11.623037338256836
Europe (BP),,2021,-1.8933236598968506
European Union (27),,1979,100
European Union (27),,1980,75
European Union (27),,1981,0
European Union (27),,1982,76.19048309326172
European Union (27),,1983,62.70269012451172
European Union (27),,1984,26.910293579101562
European Union (27),,1985,50.261783599853516
European Union (27),,1986,132.7526092529297
European Union (27),,1987,42.81437301635742
European Union (27),,1988,72.79874420166016
European Union (27),,1989,53.594173431396484
European Union (27),,1990,52.14463424682617
European Union (27),,1991,26.032161712646484
European Union (27),,1992,54.6863899230957
European Union (27),,1993,37.63865280151367
European Union (27),,1994,27.43668556213379
European Union (27),,1995,31.72478675842285
European Union (27),,1996,25.026870727539062
European Union (27),,1997,52.70658874511719
European Union (27),,1998,55.25995635986328
European Union (27),,1999,29.798995971679688
European Union (27),,2000,60.43302917480469
European Union (27),,2001,20.66059112548828
European Union (27),,2002,35.66095733642578
European Union (27),,2003,23.47097396850586
European Union (27),,2004,32.81306076049805
European Union (27),,2005,18.437480926513672
European Union (27),,2006,15.5686616897583
European Union (27),,2007,26.938093185424805
European Union (27),,2008,13.329374313354492
European Union (27),,2009,9.793937683105469
European Union (27),,2010,12.01738166809082
European Union (27),,2011,18.13349723815918
European Union (27),,2012,13.905393600463867
European Union (27),,2013,11.81143569946289
European Union (27),,2014,5.369269847869873
European Union (27),,2015,19.175016403198242
European Union (27),,2016,1.3985633850097656
European Union (27),,2017,17.05879020690918
European Union (27),,2018,2.6613950729370117
European Union (27),,2019,13.641786575317383
European Union (27),,2020,9.046804428100586
European Union (27),,2021,-1.964789628982544
Finland,FIN,1992,300
Finland,FIN,1993,83.33332824707031
Finland,FIN,1994,63.6363639831543
Finland,FIN,1995,50.0000114440918
Finland,FIN,1996,1.8518447875976562
Finland,FIN,1997,50.909088134765625
Finland,FIN,1998,38.55421447753906
Finland,FIN,1999,113.04347229003906
Finland,FIN,2000,56.32653045654297
Finland,FIN,2001,-9.138381958007812
Finland,FIN,2002,-9.482759475708008
Finland,FIN,2003,45.873008728027344
Finland,FIN,2004,30.903160095214844
Finland,FIN,2005,39.90024185180664
Finland,FIN,2006,-9.269160270690918
Finland,FIN,2007,23.37917137145996
Finland,FIN,2008,38.269649505615234
Finland,FIN,2009,6.180417537689209
Finland,FIN,2010,6.399130821228027
Finland,FIN,2011,63.574588775634766
Finland,FIN,2012,2.6796817779541016
Finland,FIN,2013,56.52437210083008
Finland,FIN,2014,43.10456466674805
Finland,FIN,2015,112.29271697998047
Finland,FIN,2016,31.843578338623047
Finland,FIN,2017,56.290733337402344
Finland,FIN,2018,21.772682189941406
Finland,FIN,2019,3.1854867935180664
Finland,FIN,2020,31.75103759765625
Finland,FIN,2021,2.456545829772949
France,FRA,1991,80.31571197509766
France,FRA,1992,0
France,FRA,1993,390.6373596191406
France,FRA,1994,95.8221206665039
France,FRA,1995,0.21682977676391602
France,FRA,1996,57.6131706237793
France,FRA,1997,49.772560119628906
France,FRA,1998,75.20219421386719
France,FRA,1999,89.48580932617188
France,FRA,2000,29.92485809326172
France,FRA,2001,172.91665649414062
France,FRA,2002,102.29005432128906
France,FRA,2003,46.415103912353516
France,FRA,2004,53.350521087646484
France,FRA,2005,61.6806640625
France,FRA,2006,126.81910705566406
France,FRA,2007,86.52613067626953
France,FRA,2008,39.901710510253906
France,FRA,2009,38.95329284667969
France,FRA,2010,25.695144653320312
France,FRA,2011,21.18653106689453
France,FRA,2012,25.35666275024414
France,FRA,2013,6.263971328735352
France,FRA,2014,7.448732852935791
France,FRA,2015,23.76773452758789
France,FRA,2016,-0.19767284393310547
France,FRA,2017,15.18552303314209
France,FRA,2018,16.2452335357666
France,FRA,2019,21.32598114013672
France,FRA,2020,14.832914352416992
France,FRA,2021,-7.00000524520874
Germany,DEU,1987,100
Germany,DEU,1988,300
Germany,DEU,1989,225
Germany,DEU,1990,173.07691955566406
Germany,DEU,1991,40.84507369995117
Germany,DEU,1992,175
Germany,DEU,1993,118.18182373046875
Germany,DEU,1994,51.49998474121094
Germany,DEU,1995,65.01651000976562
Germany,DEU,1996,35.466670989990234
Germany,DEU,1997,45.964561462402344
Germany,DEU,1998,51.348602294921875
Germany,DEU,1999,23.14547348022461
Germany,DEU,2000,71.85238647460938
Germany,DEU,2001,10.526311874389648
Germany,DEU,2002,50.476192474365234
Germany,DEU,2003,20.803796768188477
Germany,DEU,2004,36.317909240722656
Germany,DEU,2005,6.7450761795043945
Germany,DEU,2006,12.781739234924316
Germany,DEU,2007,29.316186904907227
Germany,DEU,2008,2.16752290725708
Germany,DEU,2009,-4.748100280761719
Germany,DEU,2010,-2.214604616165161
Germany,DEU,2011,29.340803146362305
Germany,DEU,2012,3.656458854675293
Germany,DEU,2013,2.045273780822754
Germany,DEU,2014,10.92212200164795
Germany,DEU,2015,37.825870513916016
Germany,DEU,2016,-0.86822509765625
Germany,DEU,2017,32.24186706542969
Germany,DEU,2018,4.028642177581787
Germany,DEU,2019,14.500093460083008
Germany,DEU,2020,4.931139945983887
Germany,DEU,2021,-10.902190208435059
Greece,GRC,1988,0
Greece,GRC,1989,0
Greece,GRC,1990,100
Greece,GRC,1991,0
Greece,GRC,1992,300
Greece,GRC,1993,487.49993896484375
Greece,GRC,1994,-21.276592254638672
Greece,GRC,1995,-8.108102798461914
Greece,GRC,1996,5.8823466300964355
Greece,GRC,1997,2.7777791023254395
Greece,GRC,1998,97.29728698730469
Greece,GRC,1999,121.91781616210938
Greece,GRC,2000,178.39505004882812
Greece,GRC,2001,67.62748718261719
Greece,GRC,2002,-13.888883590698242
Greece,GRC,2003,56.83563995361328
Greece,GRC,2004,9.794319152832031
Greece,GRC,2005,12.93487548828125
Greece,GRC,2006,34.202205657958984
Greece,GRC,2007,7.004117965698242
Greece,GRC,2008,23.322343826293945
Greece,GRC,2009,13.425504684448242
Greece,GRC,2010,6.724345684051514
Greece,GRC,2011,22.14443588256836
Greece,GRC,2012,16.138755798339844
Greece,GRC,2013,7.5064897537231445
Greece,GRC,2014,-10.872191429138184
Greece,GRC,2015,25.264299392700195
Greece,GRC,2016,11.361181259155273
Greece,GRC,2017,7.597875595092773
Greece,GRC,2018,13.784980773925781
Greece,GRC,2019,15.33409309387207
Greece,GRC,2020,28.12633514404297
Greece,GRC,2021,12.468409538269043
High-income countries,,1979,100
High-income countries,,1980,75
High-income countries,,1981,0
High-income countries,,1982,76.19048309326172
High-income countries,,1983,77.2699966430664
High-income countries,,1984,36.47087860107422
High-income countries,,1985,43.491004943847656
High-income countries,,1986,116.18013000488281
High-income countries,,1987,40.729618072509766
High-income countries,,1988,69.71302032470703
High-income countries,,1989,699.1370239257812
High-income countries,,1990,35.7524528503418
High-income countries,,1991,10.162771224975586
High-income countries,,1992,13.847184181213379
High-income countries,,1993,19.35316276550293
High-income countries,,1994,21.236562728881836
High-income countries,,1995,9.169936180114746
High-income countries,,1996,14.696157455444336
High-income countries,,1997,30.918323516845703
High-income countries,,1998,33.954833984375
High-income countries,,1999,32.82184600830078
High-income countries,,2000,50.72032165527344
High-income countries,,2001,20.921302795410156
High-income countries,,2002,39.43302536010742
High-income countries,,2003,21.01180648803711
High-income countries,,2004,32.57691955566406
High-income countries,,2005,22.576034545898438
High-income countries,,2006,24.392772674560547
High-income countries,,2007,27.754962921142578
High-income countries,,2008,25.242412567138672
High-income countries,,2009,19.61911964416504
High-income countries,,2010,17.658042907714844
High-income countries,,2011,22.577465057373047
High-income countries,,2012,15.038097381591797
High-income countries,,2013,15.591251373291016
High-income countries,,2014,7.359731197357178
High-income countries,,2015,16.104198455810547
High-income countries,,2016,7.972371578216553
High-income countries,,2017,15.114582061767578
High-income countries,,2018,6.226849555969238
High-income countries,,2019,11.251664161682129
High-income countries,,2020,12.54420280456543
High-income countries,,2021,3.8053035736083984
Hong Kong,HKG,2007,24.639774322509766
Hong Kong,HKG,2008,-6.705206871032715
Hong Kong,HKG,2009,36.18339157104492
Hong Kong,HKG,2010,-5.277520179748535
Hong Kong,HKG,2011,-16.61863899230957
Hong Kong,HKG,2012,21.313369750976562
Hong Kong,HKG,2013,-20.60778045654297
Hong Kong,HKG,2014,7.655501365661621
Hong Kong,HKG,2015,-9.888887405395508
Hong Kong,HKG,2016,-39.33415222167969
Hong Kong,HKG,2017,112.39836120605469
Hong Kong,HKG,2018,-33.01435852050781
Hong Kong,HKG,2019,0
Hong Kong,HKG,2020,14.28571891784668
Hong Kong,HKG,2021,2.5641322135925293
Hungary,HUN,2002,0
Hungary,HUN,2003,300
Hungary,HUN,2004,50
Hungary,HUN,2005,66.66666412353516
Hungary,HUN,2006,330.0000305175781
Hungary,HUN,2007,155.81393432617188
Hungary,HUN,2008,86.36363983154297
Hungary,HUN,2009,61.463417053222656
Hungary,HUN,2010,59.214508056640625
Hungary,HUN,2011,18.785572052001953
Hungary,HUN,2012,23.191856384277344
Hungary,HUN,2013,-6.908363342285156
Hungary,HUN,2014,-8.547788619995117
Hungary,HUN,2015,5.5533647537231445
Hungary,HUN,2016,-1.2987017631530762
Hungary,HUN,2017,10.818708419799805
Hungary,HUN,2018,-19.920848846435547
Hungary,HUN,2019,20.098840713500977
Hungary,HUN,2020,-10.150891304016113
Hungary,HUN,2021,-0.5754172801971436
Iceland,ISL,2012,-100
Iceland,ISL,2014,52.8884162902832
Iceland,ISL,2015,29.916465759277344
Iceland,ISL,2016,-15.461665153503418
Iceland,ISL,2017,-11.758094787597656
Iceland,ISL,2018,-46.313987731933594
Iceland,ISL,2019,50.565921783447266
Iceland,ISL,2020,1.3869166374206543
Iceland,ISL,2021,-8.662355422973633
India,IND,1991,272.6029968261719
India,IND,1992,-21.64556312561035
India,IND,1993,7.121062278747559
India,IND,1994,101.8360366821289
India,IND,1995,159.55142211914062
India,IND,1996,76.92508697509766
India,IND,1997,12.479793548583984
India,IND,1998,9.210527420043945
India,IND,1999,34.01297378540039
India,IND,2000,9.405255317687988
India,IND,2001,31.79519271850586
India,IND,2002,0
India,IND,2003,24.915111541748047
India,IND,2004,100.63238525390625
India,IND,2005,14.650857925415039
India,IND,2006,55.85545349121094
India,IND,2007,25.119686126708984
India,IND,2008,23.071516036987305
India,IND,2009,13.164377212524414
India,IND,2010,19.577157974243164
India,IND,2011,23.10756492614746
India,IND,2012,14.530134201049805
India,IND,2013,9.385919570922852
India,IND,2014,11.48883056640625
India,IND,2015,-2.132779359817505
India,IND,2016,32.714962005615234
India,IND,2017,21.11852264404297
India,IND,2018,14.59643840789795
India,IND,2019,4.979085922241211
India,IND,2020,-4.559528827667236
India,IND,2021,12.687694549560547
Indonesia,IDN,2008,1250
Indonesia,IDN,2009,1259.25927734375
Indonesia,IDN,2010,-0.8174359798431396
Indonesia,IDN,2011,28.846145629882812
Indonesia,IDN,2012,-1.7057478427886963
Indonesia,IDN,2013,-97.83080291748047
Indonesia,IDN,2014,-100
Indonesia,IDN,2016,53.78378677368164
Indonesia,IDN,2017,-100
Indonesia,IDN,2019,154.76365661621094
Indonesia,IDN,2020,-1.859503984451294
Indonesia,IDN,2021,-7.999998092651367
Iran,IRN,2000,4.285717010498047
Iran,IRN,2001,-7.671231269836426
Iran,IRN,2002,-10.089021682739258
Iran,IRN,2003,-8.910894393920898
Iran,IRN,2004,67.75362396240234
Iran,IRN,2005,53.13174819946289
Iran,IRN,2006,76.72779846191406
Iran,IRN,2007,12.450111389160156
Iran,IRN,2008,38.96380615234375
Iran,IRN,2009,15.526044845581055
Iran,IRN,2010,-25.287353515625
Iran,IRN,2011,25.44378089904785
Iran,IRN,2012,33.490562438964844
Iran,IRN,2013,-22.614843368530273
Iran,IRN,2014,-8.675795555114746
Iran,IRN,2015,-29.500001907348633
Iran,IRN,2016,10.638296127319336
Iran,IRN,2017,103.84614562988281
Iran,IRN,2018,135.8490753173828
Iran,IRN,2019,-3.7333309650421143
Iran,IRN,2020,55.955684661865234
Iran,IRN,2021,0.4130244255065918
Ireland,IRL,1993,200
Ireland,IRL,1994,26.666664123535156
Ireland,IRL,1995,-15.789466857910156
Ireland,IRL,1996,-12.500005722045898
Ireland,IRL,1997,257.14288330078125
Ireland,IRL,1998,237.99998474121094
Ireland,IRL,1999,10.650884628295898
Ireland,IRL,2000,30.481290817260742
Ireland,IRL,2001,36.885250091552734
Ireland,IRL,2002,16.16766357421875
Ireland,IRL,2003,17.01030731201172
Ireland,IRL,2004,44.27313995361328
Ireland,IRL,2005,69.75724792480469
Ireland,IRL,2006,45.87882614135742
Ireland,IRL,2007,20.734941482543945
Ireland,IRL,2008,23.062156677246094
Ireland,IRL,2009,22.622467041015625
Ireland,IRL,2010,-4.756271839141846
Ireland,IRL,2011,55.62504577636719
Ireland,IRL,2012,-8.443146705627441
Ireland,IRL,2013,13.241231918334961
Ireland,IRL,2014,13.179445266723633
Ireland,IRL,2015,27.8778076171875
Ireland,IRL,2016,-6.46742582321167
Ireland,IRL,2017,21.072399139404297
Ireland,IRL,2018,16.051923751831055
Ireland,IRL,2019,15.969395637512207
Ireland,IRL,2020,15.2695894241333
Ireland,IRL,2021,-15.902572631835938
Israel,ISR,2002,10.000001907348633
Israel,ISR,2003,9.090911865234375
Israel,ISR,2004,-8.333337783813477
Israel,ISR,2005,0
Israel,ISR,2006,-9.090911865234375
Israel,ISR,2007,0
Israel,ISR,2008,-10.000001907348633
Israel,ISR,2009,0
Israel,ISR,2010,-11.111104965209961
Israel,ISR,2011,-12.5
Israel,ISR,2012,-14.285713195800781
Israel,ISR,2013,0
Israel,ISR,2014,-1.6666650772094727
Israel,ISR,2015,13.559317588806152
Israel,ISR,2016,-100
Italy,ITA,1990,-4.040402412414551
Italy,ITA,1991,49.9999885559082
Italy,ITA,1992,-33.33333206176758
Italy,ITA,1993,100
Italy,ITA,1994,75
Italy,ITA,1995,28.571426391601562
Italy,ITA,1996,266.6666564941406
Italy,ITA,1997,272.631591796875
Italy,ITA,1998,96.61016845703125
Italy,ITA,1999,73.70690155029297
Italy,ITA,2000,39.70223617553711
Italy,ITA,2001,109.4138412475586
Italy,ITA,2002,19.08397674560547
Italy,ITA,2003,3.846144676208496
Italy,ITA,2004,26.68038558959961
Italy,ITA,2005,26.854360580444336
Italy,ITA,2006,26.80324363708496
Italy,ITA,2007,35.77920150756836
Italy,ITA,2008,20.500743865966797
Italy,ITA,2009,34.6019401550293
Italy,ITA,2010,39.47577667236328
Italy,ITA,2011,8.004676818847656
Italy,ITA,2012,36.02430725097656
Italy,ITA,2013,11.112773895263672
Italy,ITA,2014,1.8882989883422852
Italy,ITA,2015,-2.203148603439331
Italy,ITA,2016,19.164775848388672
Italy,ITA,2017,0.300753116607666
Italy,ITA,2018,-0.14372467994689941
Italy,ITA,2019,13.08392333984375
Italy,ITA,2020,-7.1187615394592285
Italy,ITA,2021,10.801231384277344
Japan,JPN,1994,0
Japan,JPN,1995,0
Japan,JPN,1996,100
Japan,JPN,1997,-50
Japan,JPN,1998,636.842041015625
Japan,JPN,1999,414.28570556640625
Japan,JPN,2000,199.75
Japan,JPN,2001,131.19265747070312
Japan,JPN,2002,63.888885498046875
Japan,JPN,2003,101.45280456542969
Japan,JPN,2004,73.0769271850586
Japan,JPN,2005,32.638885498046875
Japan,JPN,2006,11.780107498168945
Japan,JPN,2007,28.33724021911621
Japan,JPN,2008,7.481753826141357
Japan,JPN,2009,16.376995086669922
Japan,JPN,2010,14.542829513549805
Japan,JPN,2011,13.585042953491211
Japan,JPN,2012,6.018686294555664
Japan,JPN,2013,8.582962036132812
Japan,JPN,2014,-2.322101593017578
Japan,JPN,2015,4.165053367614746
Japan,JPN,2016,2.258598804473877
Japan,JPN,2017,9.107327461242676
Japan,JPN,2018,10.600530624389648
Japan,JPN,2019,4.713559150695801
Japan,JPN,2020,15.86412239074707
Japan,JPN,2021,5.507230758666992
Kazakhstan,KAZ,2012,1712.9251708984375
Kazakhstan,KAZ,2013,70.68292999267578
Kazakhstan,KAZ,2014,191.62615966796875
Kazakhstan,KAZ,2015,892.991455078125
Kazakhstan,KAZ,2016,108.7594985961914
Kazakhstan,KAZ,2017,23.558162689208984
Kazakhstan,KAZ,2018,13.406789779663086
Kazakhstan,KAZ,2019,83.52082061767578
Kazakhstan,KAZ,2020,45.46921157836914
Kazakhstan,KAZ,2021,62.697265625
Kuwait,KWT,2018,-88.81278991699219
Kuwait,KWT,2019,85.81632232666016
Kuwait,KWT,2020,0.27396678924560547
Kuwait,KWT,2021,-0.2732217311859131
Latvia,LVA,1997,100
Latvia,LVA,1998,0
Latvia,LVA,1999,0
Latvia,LVA,2000,149.99996948242188
Latvia,LVA,2001,-39.999996185302734
Latvia,LVA,2002,266.6666564941406
Latvia,LVA,2003,336.3636474609375
Latvia,LVA,2004,2.0833253860473633
Latvia,LVA,2005,-4.081630706787109
Latvia,LVA,2006,-2.1276533603668213
Latvia,LVA,2007,15.217388153076172
Latvia,LVA,2008,9.433960914611816
Latvia,LVA,2009,-17.241376876831055
Latvia,LVA,2010,2.0833253860473633
Latvia,LVA,2011,44.897972106933594
Latvia,LVA,2012,52.112674713134766
Latvia,LVA,2013,10.185182571411133
Latvia,LVA,2014,-15.126049041748047
Latvia,LVA,2015,45.544551849365234
Latvia,LVA,2016,-11.564630508422852
Latvia,LVA,2017,15.384626388549805
Latvia,LVA,2018,-18.641334533691406
Latvia,LVA,2019,26.18938636779785
Latvia,LVA,2020,15.585172653198242
Latvia,LVA,2021,-21.348316192626953
Lithuania,LTU,2005,49.9999885559082
Lithuania,LTU,2006,661.1111450195312
Lithuania,LTU,2007,674.4525146484375
Lithuania,LTU,2008,23.56266975402832
Lithuania,LTU,2009,20.28986167907715
Lithuania,LTU,2010,42.04185104370117
Lithuania,LTU,2011,112.05355834960938
Lithuania,LTU,2012,13.705265045166016
Lithuania,LTU,2013,11.590444564819336
Lithuania,LTU,2014,6.039488315582275
Lithuania,LTU,2015,26.787662506103516
Lithuania,LTU,2016,40.18265151977539
Lithuania,LTU,2017,20.06338882446289
Lithuania,LTU,2018,-16.043413162231445
Lithuania,LTU,2019,30.95196533203125
Lithuania,LTU,2020,3.4880638122558594
Lithuania,LTU,2021,-12.26225471496582
Lower-middle-income countries,,1991,272.6029968261719
Lower-middle-income countries,,1992,-21.64556312561035
Lower-middle-income countries,,1993,7.121062278747559
Lower-middle-income countries,,1994,101.8360366821289
Lower-middle-income countries,,1995,159.55142211914062
Lower-middle-income countries,,1996,76.92508697509766
Lower-middle-income countries,,1997,12.479793548583984
Lower-middle-income countries,,1998,9.514177322387695
Lower-middle-income countries,,1999,38.5859489440918
Lower-middle-income countries,,2000,18.19939613342285
Lower-middle-income countries,,2001,42.34934997558594
Lower-middle-income countries,,2002,0.9633660316467285
Lower-middle-income countries,,2003,23.867570877075195
Lower-middle-income countries,,2004,90.48627471923828
Lower-middle-income countries,,2005,13.739538192749023
Lower-middle-income countries,,2006,51.29783248901367
Lower-middle-income countries,,2007,24.44940757751465
Lower-middle-income countries,,2008,23.65407943725586
Lower-middle-income countries,,2009,13.446939468383789
Lower-middle-income countries,,2010,21.32642364501953
Lower-middle-income countries,,2011,21.74342918395996
Lower-middle-income countries,,2012,13.829255104064941
Lower-middle-income countries,,2013,12.591135025024414
Lower-middle-income countries,,2014,12.77773380279541
Lower-middle-income countries,,2015,4.47613000869751
Lower-middle-income countries,,2016,30.17450523376465
Lower-middle-income countries,,2017,19.539392471313477
Lower-middle-income countries,,2018,18.203174591064453
Lower-middle-income countries,,2019,10.027063369750977
Lower-middle-income countries,,2020,0.6817102432250977
Lower-middle-income countries,,2021,14.62904167175293
Luxembourg,LUX,1998,266.6666564941406
Luxembourg,LUX,1999,63.6363639831543
Luxembourg,LUX,2000,37.46111297607422
Luxembourg,LUX,2001,-4.053676128387451
Luxembourg,LUX,2002,3.1128883361816406
Luxembourg,LUX,2003,6.899785995483398
Luxembourg,LUX,2004,50.56175994873047
Luxembourg,LUX,2005,32.62010955810547
Luxembourg,LUX,2006,10.975861549377441
Luxembourg,LUX,2007,10.86469841003418
Luxembourg,LUX,2008,-5.7508649826049805
Luxembourg,LUX,2009,4.758298397064209
Luxembourg,LUX,2010,-13.216858863830566
Luxembourg,LUX,2011,16.27906608581543
Luxembourg,LUX,2012,20.946144104003906
Luxembourg,LUX,2013,7.178628444671631
Luxembourg,LUX,2014,-3.7951529026031494
Luxembourg,LUX,2015,27.507638931274414
Luxembourg,LUX,2016,-0.3554344177246094
Luxembourg,LUX,2017,131.38462829589844
Luxembourg,LUX,2018,8.411443710327148
Luxembourg,LUX,2019,10.491204261779785
Luxembourg,LUX,2020,24.833356857299805
Luxembourg,LUX,2021,-3.4446895122528076
Mexico,MEX,1991,0
Mexico,MEX,1992,0
Mexico,MEX,1993,0
Mexico,MEX,1994,399.99993896484375
Mexico,MEX,1995,40.00000762939453
Mexico,MEX,1996,-14.285713195800781
Mexico,MEX,1997,100
Mexico,MEX,1998,25
Mexico,MEX,1999,13.333344459533691
Mexico,MEX,2000,11.764693260192871
Mexico,MEX,2001,-5.263161659240723
Mexico,MEX,2002,16.666675567626953
Mexico,MEX,2003,-9.523809432983398
Mexico,MEX,2004,5.263161659240723
Mexico,MEX,2005,-5.000000953674316
Mexico,MEX,2006,136.84213256835938
Mexico,MEX,2007,451.111083984375
Mexico,MEX,2008,2.822577953338623
Mexico,MEX,2009,133.86383056640625
Mexico,MEX,2010,107.78155517578125
Mexico,MEX,2011,33.02450180053711
Mexico,MEX,2012,123.76160430908203
Mexico,MEX,2013,13.454222679138184
Mexico,MEX,2014,53.56981658935547
Mexico,MEX,2015,36.08506774902344
Mexico,MEX,2016,18.673336029052734
Mexico,MEX,2017,2.328813076019287
Mexico,MEX,2018,23.247455596923828
Mexico,MEX,2019,27.795589447021484
Mexico,MEX,2020,17.789506912231445
Mexico,MEX,2021,6.089913845062256
Middle Africa (BP),,2017,0
Middle Africa (BP),,2018,0
Middle Africa (BP),,2019,0
Middle Africa (BP),,2020,0.27396678924560547
Middle Africa (BP),,2021,-0.27321577072143555
Middle East (BP),,1991,0
Middle East (BP),,1992,0
Middle East (BP),,1993,0
Middle East (BP),,1994,0
Middle East (BP),,1995,0
Middle East (BP),,1996,0
Middle East (BP),,1997,200
Middle East (BP),,1998,0
Middle East (BP),,1999,1166.6666259765625
Middle East (BP),,2000,3.9473772048950195
Middle East (BP),,2001,18.227840423583984
Middle East (BP),,2002,-5.13918399810791
Middle East (BP),,2003,-3.8374781608581543
Middle East (BP),,2004,44.1314582824707
Middle East (BP),,2005,40.065147399902344
Middle East (BP),,2006,62.093017578125
Middle East (BP),,2007,11.19081974029541
Middle East (BP),,2008,35.548377990722656
Middle East (BP),,2009,14.469301223754883
Middle East (BP),,2010,-24.199586868286133
Middle East (BP),,2011,23.03894805908203
Middle East (BP),,2012,31.654035568237305
Middle East (BP),,2013,-20.152729034423828
Middle East (BP),,2014,-6.875216960906982
Middle East (BP),,2015,27.78557586669922
Middle East (BP),,2016,100.64935302734375
Middle East (BP),,2017,40.82965850830078
Middle East (BP),,2018,85.05040740966797
Middle East (BP),,2019,10.242700576782227
Middle East (BP),,2020,62.04246139526367
Middle East (BP),,2021,10.503792762756348
Morocco,MAR,2001,221.56248474121094
Morocco,MAR,2002,-5.782312393188477
Morocco,MAR,2003,4.589998722076416
Morocco,MAR,2004,-1.9230782985687256
Morocco,MAR,2005,3.7204623222351074
Morocco,MAR,2006,-11.197286605834961
Morocco,MAR,2007,52.23798751831055
Morocco,MAR,2008,6.920051574707031
Morocco,MAR,2009,31.153583526611328
Morocco,MAR,2010,68.44796752929688
Morocco,MAR,2011,5.069828033447266
Morocco,MAR,2012,5.1719069480896
Morocco,MAR,2013,66.88187408447266
Morocco,MAR,2014,58.35047912597656
Morocco,MAR,2015,30.959558486938477
Morocco,MAR,2016,19.07993507385254
Morocco,MAR,2017,1.159965991973877
Morocco,MAR,2018,26.55254554748535
Morocco,MAR,2019,22.351062774658203
Morocco,MAR,2020,-2.283358573913574
Morocco,MAR,2021,11.21060848236084
Netherlands,NLD,1987,100
Netherlands,NLD,1988,700
Netherlands,NLD,1989,43.7499885559082
Netherlands,NLD,1990,143.478271484375
Netherlands,NLD,1991,57.142852783203125
Netherlands,NLD,1992,67.04544830322266
Netherlands,NLD,1993,18.367338180541992
Netherlands,NLD,1994,36.781620025634766
Netherlands,NLD,1995,33.19327926635742
Netherlands,NLD,1996,37.85488510131836
Netherlands,NLD,1997,8.695650100708008
Netherlands,NLD,1998,34.73683547973633
Netherlands,NLD,1999,0.78125
Netherlands,NLD,2000,28.527141571044922
Netherlands,NLD,2001,-0.4825115203857422
Netherlands,NLD,2002,14.666664123535156
Netherlands,NLD,2003,39.32345962524414
Netherlands,NLD,2004,41.65402603149414
Netherlands,NLD,2005,10.712373733520508
Netherlands,NLD,2006,32.26898956298828
Netherlands,NLD,2007,25.713241577148438
Netherlands,NLD,2008,23.896800994873047
Netherlands,NLD,2009,7.632088661193848
Netherlands,NLD,2010,-12.878769874572754
Netherlands,NLD,2011,27.72600555419922
Netherlands,NLD,2012,-2.3203492164611816
Netherlands,NLD,2013,12.953460693359375
Netherlands,NLD,2014,3.0243754386901855
Netherlands,NLD,2015,30.23008155822754
Netherlands,NLD,2016,8.219802856445312
Netherlands,NLD,2017,29.353845596313477
Netherlands,NLD,2018,-0.1919865608215332
Netherlands,NLD,2019,9.09527587890625
Netherlands,NLD,2020,33.29186248779297
Netherlands,NLD,2021,16.65688705444336
New Zealand,NZL,1993,42.69013214111328
New Zealand,NZL,1994,2.458977699279785
New Zealand,NZL,1995,0
New Zealand,NZL,1996,724.2999877929688
New Zealand,NZL,1997,63.26118850708008
New Zealand,NZL,1998,62.35409927368164
New Zealand,NZL,1999,76.68086242675781
New Zealand,NZL,2000,208.28173828125
New Zealand,NZL,2001,15.622747421264648
New Zealand,NZL,2002,11.868143081665039
New Zealand,NZL,2003,-5.75123405456543
New Zealand,NZL,2004,146.71371459960938
New Zealand,NZL,2005,69.93737030029297
New Zealand,NZL,2006,1.2745976448059082
New Zealand,NZL,2007,49.44626235961914
New Zealand,NZL,2008,13.827371597290039
New Zealand,NZL,2009,39.49172592163086
New Zealand,NZL,2010,10.885143280029297
New Zealand,NZL,2011,19.54848861694336
New Zealand,NZL,2012,6.232142448425293
New Zealand,NZL,2013,-2.757084369659424
New Zealand,NZL,2014,9.36526107788086
New Zealand,NZL,2015,6.914997100830078
New Zealand,NZL,2016,-0.9882926940917969
New Zealand,NZL,2017,-10.668158531188965
New Zealand,NZL,2018,-1.103907823562622
New Zealand,NZL,2019,9.076631546020508
New Zealand,NZL,2020,2.178049087524414
New Zealand,NZL,2021,14.634561538696289
Non-OECD (BP),,1991,258.25506591796875
Non-OECD (BP),,1992,79.49714660644531
Non-OECD (BP),,1993,41.33129119873047
Non-OECD (BP),,1994,89.0512466430664
Non-OECD (BP),,1995,91.26483154296875
Non-OECD (BP),,1996,-9.18790054321289
Non-OECD (BP),,1997,27.323209762573242
Non-OECD (BP),,1998,20.033693313598633
Non-OECD (BP),,1999,36.5889892578125
Non-OECD (BP),,2000,24.344562530517578
Non-OECD (BP),,2001,35.8368034362793
Non-OECD (BP),,2002,8.162760734558105
Non-OECD (BP),,2003,19.72385597229004
Non-OECD (BP),,2004,68.85840606689453
Non-OECD (BP),,2005,19.8727970123291
Non-OECD (BP),,2006,60.48753356933594
Non-OECD (BP),,2007,32.42106628417969
Non-OECD (BP),,2008,56.56131362915039
Non-OECD (BP),,2009,55.370365142822266
Non-OECD (BP),,2010,57.077693939208984
Non-OECD (BP),,2011,41.84211349487305
Non-OECD (BP),,2012,34.75878143310547
Non-OECD (BP),,2013,30.396175384521484
Non-OECD (BP),,2014,18.358814239501953
Non-OECD (BP),,2015,19.862056732177734
Non-OECD (BP),,2016,30.25316047668457
Non-OECD (BP),,2017,24.789630889892578
Non-OECD (BP),,2018,18.832290649414062
Non-OECD (BP),,2019,12.38110065460205
Non-OECD (BP),,2020,12.004554748535156
Non-OECD (BP),,2021,33.91119384765625
North America,,1984,143.25341796875
North America,,1985,4.036974906921387
North America,,1986,-23.296810150146484
North America,,1987,-12.512052536010742
North America,,1988,-58.927391052246094
North America,,1989,113442.8828125
North America,,1990,32.108211517333984
North America,,1991,5.81592321395874
North America,,1992,-0.23421049118041992
North America,,1993,4.0721893310546875
North America,,1994,14.713168144226074
North America,,1995,-7.983589172363281
North America,,1996,2.205169200897217
North America,,1997,1.8302083015441895
North America,,1998,-7.6657891273498535
North America,,1999,50.32439422607422
North America,,2000,26.431072235107422
North America,,2001,20.564138412475586
North America,,2002,52.015079498291016
North America,,2003,10.30874252319336
North America,,2004,27.105499267578125
North America,,2005,28.257429122924805
North America,,2006,49.863861083984375
North America,,2007,29.435956954956055
North America,,2008,57.41767883300781
North America,,2009,36.53437042236328
North America,,2010,28.988384246826172
North America,,2011,26.192235946655273
North America,,2012,18.115497589111328
North America,,2013,17.755245208740234
North America,,2014,9.656036376953125
North America,,2015,12.623250961303711
North America,,2016,18.40740394592285
North America,,2017,10.51749038696289
North America,,2018,7.596802711486816
North America,,2019,8.426499366760254
North America,,2020,13.860869407653809
North America,,2021,10.803055763244629
North America (BP),,1984,143.25341796875
North America (BP),,1985,4.036974906921387
North America (BP),,1986,-23.296802520751953
North America (BP),,1987,-12.512063980102539
North America (BP),,1988,-58.927391052246094
North America (BP),,1989,113442.8828125
North America (BP),,1990,32.108211517333984
North America (BP),,1991,5.81592321395874
North America (BP),,1992,-0.23421049118041992
North America (BP),,1993,4.014492034912109
North America (BP),,1994,14.525580406188965
North America (BP),,1995,-8.001094818115234
North America (BP),,1996,2.223062515258789
North America (BP),,1997,1.814568042755127
North America (BP),,1998,-7.716340065002441
North America (BP),,1999,50.39714431762695
North America (BP),,2000,25.898588180541992
North America (BP),,2001,20.55748748779297
North America (BP),,2002,52.18516540527344
North America (BP),,2003,10.33179759979248
North America (BP),,2004,26.99649429321289
North America (BP),,2005,28.35964012145996
North America (BP),,2006,50.05321502685547
North America (BP),,2007,29.539310455322266
North America (BP),,2008,57.58427429199219
North America (BP),,2009,36.52850341796875
North America (BP),,2010,28.94960594177246
North America (BP),,2011,26.196216583251953
North America (BP),,2012,18.026721954345703
North America (BP),,2013,17.565786361694336
North America (BP),,2014,9.665620803833008
North America (BP),,2015,12.63878345489502
North America (BP),,2016,18.497455596923828
North America (BP),,2017,10.498344421386719
North America (BP),,2018,7.575118541717529
North America (BP),,2019,8.337724685668945
North America (BP),,2020,13.83814811706543
North America (BP),,2021,10.821067810058594
North Macedonia,MKD,2015,70.9781494140625
North Macedonia,MKD,2016,-9.343605995178223
North Macedonia,MKD,2017,0.910639762878418
North Macedonia,MKD,2018,-11.895370483398438
North Macedonia,MKD,2019,4.590189456939697
North Macedonia,MKD,2020,14.811504364013672
North Macedonia,MKD,2021,-11.5917387008667
Norway,NOR,2000,111.53685760498047
Norway,NOR,2001,-4.771679878234863
Norway,NOR,2002,35.27714157104492
Norway,NOR,2003,464.9847106933594
Norway,NOR,2004,18.072677612304688
Norway,NOR,2005,95.37297821044922
Norway,NOR,2006,25.43635368347168
Norway,NOR,2007,40.2515754699707
Norway,NOR,2008,2.354252338409424
Norway,NOR,2009,7.00986385345459
Norway,NOR,2010,-10.030704498291016
Norway,NOR,2011,45.96131896972656
Norway,NOR,2012,20.654714584350586
Norway,NOR,2013,21.511638641357422
Norway,NOR,2014,17.86283302307129
Norway,NOR,2015,13.4415864944458
Norway,NOR,2016,-15.875077247619629
Norway,NOR,2017,34.893585205078125
Norway,NOR,2018,35.84443283081055
Norway,NOR,2019,42.50708770751953
Norway,NOR,2020,79.38461303710938
Norway,NOR,2021,18.727027893066406
OECD (BP),,1979,100
OECD (BP),,1980,75
OECD (BP),,1981,0
OECD (BP),,1982,76.19048309326172
OECD (BP),,1983,77.2699966430664
OECD (BP),,1984,36.47087860107422
OECD (BP),,1985,43.49101638793945
OECD (BP),,1986,116.18013000488281
OECD (BP),,1987,40.72960662841797
OECD (BP),,1988,69.71302032470703
OECD (BP),,1989,699.1369018554688
OECD (BP),,1990,35.79020690917969
OECD (BP),,1991,10.159945487976074
OECD (BP),,1992,13.843690872192383
OECD (BP),,1993,19.34888458251953
OECD (BP),,1994,21.306884765625
OECD (BP),,1995,9.1935396194458
OECD (BP),,1996,14.667725563049316
OECD (BP),,1997,30.968975067138672
OECD (BP),,1998,33.99615478515625
OECD (BP),,1999,32.89338302612305
OECD (BP),,2000,50.69148635864258
OECD (BP),,2001,20.94385528564453
OECD (BP),,2002,39.312408447265625
OECD (BP),,2003,20.996034622192383
OECD (BP),,2004,32.622982025146484
OECD (BP),,2005,22.448265075683594
OECD (BP),,2006,24.298465728759766
OECD (BP),,2007,27.96364974975586
OECD (BP),,2008,25.446557998657227
OECD (BP),,2009,19.97622299194336
OECD (BP),,2010,18.29819679260254
OECD (BP),,2011,22.923124313354492
OECD (BP),,2012,15.75583267211914
OECD (BP),,2013,15.731310844421387
OECD (BP),,2014,7.922184467315674
OECD (BP),,2015,16.791772842407227
OECD (BP),,2016,8.669221878051758
OECD (BP),,2017,14.885723114013672
OECD (BP),,2018,6.637108325958252
OECD (BP),,2019,11.485206604003906
OECD (BP),,2020,12.649369239807129
OECD (BP),,2021,4.419493675231934
Oceania,,1993,332.1638488769531
Oceania,,1994,118.03109741210938
Oceania,,1995,23.04111671447754
Oceania,,1996,91.3366928100586
Oceania,,1997,37.630126953125
Oceania,,1998,89.96177673339844
Oceania,,1999,104.62579345703125
Oceania,,2000,210.03659057617188
Oceania,,2001,67.5744857788086
Oceania,,2002,61.749481201171875
Oceania,,2003,23.44701385498047
Oceania,,2004,35.96861267089844
Oceania,,2005,65.44532775878906
Oceania,,2006,45.51398849487305
Oceania,,2007,35.831512451171875
Oceania,,2008,19.432353973388672
Oceania,,2009,30.934953689575195
Oceania,,2010,11.970579147338867
Oceania,,2011,26.68372344970703
Oceania,,2012,16.866600036621094
Oceania,,2013,15.061664581298828
Oceania,,2014,6.270384788513184
Oceania,,2015,18.425643920898438
Oceania,,2016,8.335054397583008
Oceania,,2017,-0.5112349987030029
Oceania,,2018,19.789005279541016
Oceania,,2019,18.53489875793457
Oceania,,2020,14.655876159667969
Oceania,,2021,18.169307708740234
Oman,OMN,2020,1098.8505859375
Oman,OMN,2021,-0.2732217311859131
Other Africa (BP),,1994,170
Other Africa (BP),,1995,16.666662216186523
Other Africa (BP),,1996,12.69841194152832
Other Africa (BP),,1997,1.4084458351135254
Other Africa (BP),,1998,5.555558204650879
Other Africa (BP),,1999,2.6315689086914062
Other Africa (BP),,2000,297.4359130859375
Other Africa (BP),,2001,-0.7096767425537109
Other Africa (BP),,2002,20.80571746826172
Other Africa (BP),,2003,9.721922874450684
Other Africa (BP),,2004,30.713987350463867
Other Africa (BP),,2005,-2.548283338546753
Other Africa (BP),,2006,0.6426692008972168
Other Africa (BP),,2007,20.23133087158203
Other Africa (BP),,2008,-0.19398927688598633
Other Africa (BP),,2009,108.61466217041016
Other Africa (BP),,2010,39.486167907714844
Other Africa (BP),,2011,-11.038171768188477
Other Africa (BP),,2012,155.06507873535156
Other Africa (BP),,2013,84.5834732055664
Other Africa (BP),,2014,36.10378646850586
Other Africa (BP),,2015,35.11476516723633
Other Africa (BP),,2016,10.292220115661621
Other Africa (BP),,2017,-8.024871826171875
Other Africa (BP),,2018,6.154632568359375
Other Africa (BP),,2019,95.62413787841797
Other Africa (BP),,2020,-3.333228826522827
Other Africa (BP),,2021,21.51641845703125
Other Asia Pacific (BP),,1997,199.78285217285156
Other Asia Pacific (BP),,1998,19.058311462402344
Other Asia Pacific (BP),,1999,-0.6514966487884521
Other Asia Pacific (BP),,2000,26.753162384033203
Other Asia Pacific (BP),,2001,-6.256091594696045
Other Asia Pacific (BP),,2002,19.232690811157227
Other Asia Pacific (BP),,2003,-41.71316146850586
Other Asia Pacific (BP),,2004,140.449951171875
Other Asia Pacific (BP),,2005,52.695762634277344
Other Asia Pacific (BP),,2006,61.17011260986328
Other Asia Pacific (BP),,2007,43.756187438964844
Other Asia Pacific (BP),,2008,9.410058975219727
Other Asia Pacific (BP),,2009,29.930782318115234
Other Asia Pacific (BP),,2010,16.597938537597656
Other Asia Pacific (BP),,2011,-13.195258140563965
Other Asia Pacific (BP),,2012,24.937175750732422
Other Asia Pacific (BP),,2013,64.14553833007812
Other Asia Pacific (BP),,2014,64.32013702392578
Other Asia Pacific (BP),,2015,17.551862716674805
Other Asia Pacific (BP),,2016,-6.503635406494141
Other Asia Pacific (BP),,2017,-1.949465274810791
Other Asia Pacific (BP),,2018,86.5719223022461
Other Asia Pacific (BP),,2019,33.87577438354492
Other Asia Pacific (BP),,2020,-1.482391357421875
Other Asia Pacific (BP),,2021,-1.453179121017456
Other CIS (BP),,2007,11.538457870483398
Other CIS (BP),,2008,-34.482757568359375
Other CIS (BP),,2009,126.31578063964844
Other CIS (BP),,2010,-4.651165008544922
Other CIS (BP),,2011,-26.829265594482422
Other CIS (BP),,2012,39.999996185302734
Other CIS (BP),,2013,-21.42856788635254
Other CIS (BP),,2014,51.51515197753906
Other CIS (BP),,2015,13.999998092651367
Other CIS (BP),,2016,-12.280702590942383
Other CIS (BP),,2017,82.00001525878906
Other CIS (BP),,2018,173.62637329101562
Other CIS (BP),,2019,85.94377899169922
Other CIS (BP),,2020,13.82288932800293
Other CIS (BP),,2021,35.065818786621094
Other Caribbean (BP),,1994,352.9411315917969
Other Caribbean (BP),,1995,0
Other Caribbean (BP),,1996,-5.299144744873047
Other Caribbean (BP),,1997,8.90495777130127
Other Caribbean (BP),,1998,13.730812072753906
Other Caribbean (BP),,1999,25.34143829345703
Other Caribbean (BP),,2000,245.87045288085938
Other Caribbean (BP),,2001,21.563005447387695
Other Caribbean (BP),,2002,26.70992660522461
Other Caribbean (BP),,2003,6.192183494567871
Other Caribbean (BP),,2004,47.339759826660156
Other Caribbean (BP),,2005,11.901294708251953
Other Caribbean (BP),,2006,15.110481262207031
Other Caribbean (BP),,2007,4.707777500152588
Other Caribbean (BP),,2008,8.09924602508545
Other Caribbean (BP),,2009,39.069400787353516
Other Caribbean (BP),,2010,45.41740417480469
Other Caribbean (BP),,2011,24.697410583496094
Other Caribbean (BP),,2012,51.86240768432617
Other Caribbean (BP),,2013,73.7314682006836
Other Caribbean (BP),,2014,7.738065719604492
Other Caribbean (BP),,2015,9.46362018585205
Other Caribbean (BP),,2016,-0.44971704483032227
Other Caribbean (BP),,2017,15.287566184997559
Other Caribbean (BP),,2018,12.779701232910156
Other Caribbean (BP),,2019,28.65970230102539
Other Caribbean (BP),,2020,18.216873168945312
Other Caribbean (BP),,2021,7.476544380187988
Other Europe (BP),,1994,43.02588653564453
Other Europe (BP),,1995,-5.785036087036133
Other Europe (BP),,1996,1.7543792724609375
Other Europe (BP),,1997,-5.172407627105713
Other Europe (BP),,1998,-0.7273733615875244
Other Europe (BP),,1999,2.930474281311035
Other Europe (BP),,2000,-6.939512252807617
Other Europe (BP),,2001,-3.6329030990600586
Other Europe (BP),,2002,9.722221374511719
Other Europe (BP),,2003,441.2294921875
Other Europe (BP),,2004,150.88539123535156
Other Europe (BP),,2005,50.91225051879883
Other Europe (BP),,2006,40.99893569946289
Other Europe (BP),,2007,4.887974262237549
Other Europe (BP),,2008,-16.64777374267578
Other Europe (BP),,2009,14.57512378692627
Other Europe (BP),,2010,-2.6929140090942383
Other Europe (BP),,2011,-0.30820369720458984
Other Europe (BP),,2012,-24.082178115844727
Other Europe (BP),,2013,100.53448486328125
Other Europe (BP),,2014,55.07974624633789
Other Europe (BP),,2015,58.19664001464844
Other Europe (BP),,2016,52.99654006958008
Other Europe (BP),,2017,226.8758087158203
Other Europe (BP),,2018,95.93798828125
Other Europe (BP),,2019,191.76580810546875
Other Europe (BP),,2020,6.711924076080322
Other Europe (BP),,2021,12.215089797973633
Other Middle East (BP),,1991,0
Other Middle East (BP),,1992,0
Other Middle East (BP),,1993,0
Other Middle East (BP),,1994,0
Other Middle East (BP),,1995,0
Other Middle East (BP),,1996,0
Other Middle East (BP),,1997,200
Other Middle East (BP),,1998,0
Other Middle East (BP),,1999,0
Other Middle East (BP),,2000,0
Other Middle East (BP),,2001,0
Other Middle East (BP),,2002,0
Other Middle East (BP),,2003,0
Other Middle East (BP),,2004,36.66666793823242
Other Middle East (BP),,2005,0
Other Middle East (BP),,2006,0
Other Middle East (BP),,2007,0
Other Middle East (BP),,2008,29.268287658691406
Other Middle East (BP),,2009,0
Other Middle East (BP),,2010,0
Other Middle East (BP),,2011,0
Other Middle East (BP),,2012,18.86793327331543
Other Middle East (BP),,2013,47.61904525756836
Other Middle East (BP),,2014,15.053772926330566
Other Middle East (BP),,2015,1128.037353515625
Other Middle East (BP),,2016,209.74124145507812
Other Middle East (BP),,2017,12.371253967285156
Other Middle East (BP),,2018,56.38995361328125
Other Middle East (BP),,2019,23.474275588989258
Other Middle East (BP),,2020,57.05962371826172
Other Middle East (BP),,2021,19.534027099609375
Other Northern Africa (BP),,2001,4.347825050354004
Other Northern Africa (BP),,2002,25
Other Northern Africa (BP),,2003,10.000001907348633
Other Northern Africa (BP),,2004,33.333335876464844
Other Northern Africa (BP),,2005,-4.5454559326171875
Other Northern Africa (BP),,2006,-9.523809432983398
Other Northern Africa (BP),,2007,13.157903671264648
Other Northern Africa (BP),,2008,-9.302324295043945
Other Northern Africa (BP),,2009,148.71795654296875
Other Northern Africa (BP),,2010,43.29895782470703
Other Northern Africa (BP),,2011,-21.582735061645508
Other Northern Africa (BP),,2012,79.8165054321289
Other Northern Africa (BP),,2013,82.65306854248047
Other Northern Africa (BP),,2014,41.62010955810547
Other Northern Africa (BP),,2015,-11.637085914611816
Other Northern Africa (BP),,2016,5.803573131561279
Other Northern Africa (BP),,2017,-5.316460132598877
Other Northern Africa (BP),,2018,0.9581089019775391
Other Northern Africa (BP),,2019,10.24056625366211
Other Northern Africa (BP),,2020,-6.826824188232422
Other Northern Africa (BP),,2021,-7.950150966644287
Other South America (BP),,2001,0
Other South America (BP),,2002,0
Other South America (BP),,2003,0
Other South America (BP),,2004,0
Other South America (BP),,2005,0
Other South America (BP),,2006,0
Other South America (BP),,2007,374.3319396972656
Other South America (BP),,2008,156.47740173339844
Other South America (BP),,2009,278.1834411621094
Other South America (BP),,2010,58.99924087524414
Other South America (BP),,2011,56.248748779296875
Other South America (BP),,2012,1.4850378036499023
Other South America (BP),,2013,26.264488220214844
Other South America (BP),,2014,396.1212158203125
Other South America (BP),,2015,178.7726593017578
Other South America (BP),,2016,45.76872634887695
Other South America (BP),,2017,26.4986515045166
Other South America (BP),,2018,24.896526336669922
Other South America (BP),,2019,0.6548404693603516
Other South America (BP),,2020,14.844978332519531
Other South America (BP),,2021,-7.764768600463867
Other South and Central America (BP),,1994,352.9411315917969
Other South and Central America (BP),,1995,0
Other South and Central America (BP),,1996,285.1483459472656
Other South and Central America (BP),,1997,179.5234375
Other South and Central America (BP),,1998,-12.42341423034668
Other South and Central America (BP),,1999,51.49165344238281
Other South and Central America (BP),,2000,94.03681945800781
Other South and Central America (BP),,2001,6.018459796905518
Other South and Central America (BP),,2002,38.38949203491211
Other South and Central America (BP),,2003,-6.424510478973389
Other South and Central America (BP),,2004,18.86676597595215
Other South and Central America (BP),,2005,-11.875926971435547
Other South and Central America (BP),,2006,27.730918884277344
Other South and Central America (BP),,2007,-5.590307712554932
Other South and Central America (BP),,2008,-6.493168830871582
Other South and Central America (BP),,2009,89.37289428710938
Other South and Central America (BP),,2010,32.65702819824219
Other South and Central America (BP),,2011,37.762786865234375
Other South and Central America (BP),,2012,47.199012756347656
Other South and Central America (BP),,2013,36.1338005065918
Other South and Central America (BP),,2014,58.2962646484375
Other South and Central America (BP),,2015,64.4099349975586
Other South and Central America (BP),,2016,17.637575149536133
Other South and Central America (BP),,2017,11.867523193359375
Other South and Central America (BP),,2018,28.211891174316406
Other South and Central America (BP),,2019,3.7627577781677246
Other South and Central America (BP),,2020,3.2610177993774414
Other South and Central America (BP),,2021,0.7202029228210449
Pakistan,PAK,2013,696.69287109375
Pakistan,PAK,2014,107.01887512207031
Pakistan,PAK,2015,91.01958465576172
Pakistan,PAK,2016,53.3792610168457
Pakistan,PAK,2017,92.01232147216797
Pakistan,PAK,2018,60.6323127746582
Pakistan,PAK,2019,11.175071716308594
Pakistan,PAK,2020,-13.216459274291992
Pakistan,PAK,2021,25.628353118896484
Peru,PER,1997,50.0000114440918
Peru,PER,1998,-16.666667938232422
Peru,PER,1999,20.000003814697266
Peru,PER,2000,33.33332443237305
Peru,PER,2001,50.0000114440918
Peru,PER,2002,0
Peru,PER,2003,0
Peru,PER,2004,0
Peru,PER,2005,0
Peru,PER,2006,0
Peru,PER,2007,0
Peru,PER,2008,0
Peru,PER,2009,0
Peru,PER,2010,0
Peru,PER,2011,0
Peru,PER,2012,0
Peru,PER,2013,0
Peru,PER,2014,21358.33203125
Peru,PER,2015,130.8249053955078
Peru,PER,2016,79.01183319091797
Peru,PER,2017,0.8864641189575195
Peru,PER,2018,39.9622917175293
Peru,PER,2019,10.157072067260742
Peru,PER,2020,9.607255935668945
Peru,PER,2021,-0.6615221500396729
Philippines,PHL,2006,204.73983764648438
Philippines,PHL,2007,8.654081344604492
Philippines,PHL,2008,6.127035617828369
Philippines,PHL,2009,4.955530166625977
Philippines,PHL,2010,-4.207801818847656
Philippines,PHL,2011,42.9168586730957
Philippines,PHL,2012,-14.585506439208984
Philippines,PHL,2013,-12.853897094726562
Philippines,PHL,2014,131.59242248535156
Philippines,PHL,2015,392.209228515625
Philippines,PHL,2016,30.30475425720215
Philippines,PHL,2017,12.134599685668945
Philippines,PHL,2018,5.428612232208252
Philippines,PHL,2019,-9.650516510009766
Philippines,PHL,2020,-1.4601588249206543
Philippines,PHL,2021,21.280824661254883
Poland,POL,1996,-100
Poland,POL,1998,100
Poland,POL,1999,0
Poland,POL,2000,24.999988555908203
Poland,POL,2001,180.00001525878906
Poland,POL,2002,335.71429443359375
Poland,POL,2003,103.2786865234375
Poland,POL,2004,14.516139030456543
Poland,POL,2005,-4.9295783042907715
Poland,POL,2006,89.62962341308594
Poland,POL,2007,103.90625
Poland,POL,2008,60.344825744628906
Poland,POL,2009,28.673839569091797
Poland,POL,2010,54.50325012207031
Poland,POL,2011,92.60816955566406
Poland,POL,2012,48.11233139038086
Poland,POL,2013,26.479875564575195
Poland,POL,2014,27.88140869140625
Poland,POL,2015,41.41703796386719
Poland,POL,2016,15.932952880859375
Poland,POL,2017,18.438196182250977
Poland,POL,2018,-14.15252685546875
Poland,POL,2019,18.03077507019043
Poland,POL,2020,4.589271545410156
Poland,POL,2021,2.5503158569335938
Portugal,PRT,1990,-4.040402412414551
Portugal,PRT,1991,0
Portugal,PRT,1992,300
Portugal,PRT,1993,175
Portugal,PRT,1994,61.05263137817383
Portugal,PRT,1995,-5.882352828979492
Portugal,PRT,1996,31.249988555908203
Portugal,PRT,1997,80.95238494873047
Portugal,PRT,1998,134.21054077148438
Portugal,PRT,1999,38.20225143432617
Portugal,PRT,2000,36.58535385131836
Portugal,PRT,2001,52.38096618652344
Portugal,PRT,2002,41.4062385559082
Portugal,PRT,2003,37.01658248901367
Portugal,PRT,2004,64.51612854003906
Portugal,PRT,2005,117.27941131591797
Portugal,PRT,2006,64.97461700439453
Portugal,PRT,2007,38.01710510253906
Portugal,PRT,2008,42.60588836669922
Portugal,PRT,2009,31.61369514465332
Portugal,PRT,2010,21.182525634765625
Portugal,PRT,2011,-0.21782517433166504
Portugal,PRT,2012,11.984289169311523
Portugal,PRT,2013,17.10137176513672
Portugal,PRT,2014,0.8055448532104492
Portugal,PRT,2015,-4.159283638000488
Portugal,PRT,2016,7.463729381561279
Portugal,PRT,2017,-1.8117666244506836
Portugal,PRT,2018,3.012728691101074
Portugal,PRT,2019,8.322107315063477
Portugal,PRT,2020,-10.009515762329102
Portugal,PRT,2021,7.5290679931640625
Romania,ROU,1991,-100
Romania,ROU,2007,200
Romania,ROU,2008,66.66666412353516
Romania,ROU,2009,79.99999237060547
Romania,ROU,2010,3300
Romania,ROU,2011,353.2679443359375
Romania,ROU,2012,90.33887481689453
Romania,ROU,2013,71.21211242675781
Romania,ROU,2014,4.50441837310791
Romania,ROU,2015,49.52579879760742
Romania,ROU,2016,-6.696873664855957
Romania,ROU,2017,12.397575378417969
Romania,ROU,2018,-14.648305892944336
Romania,ROU,2019,7.133817672729492
Romania,ROU,2020,2.539503574371338
Romania,ROU,2021,-5.313176155090332
Russia,RUS,2001,63.15789031982422
Russia,RUS,2002,100
Russia,RUS,2003,38.70967483520508
Russia,RUS,2004,-18.60465431213379
Russia,RUS,2005,-2.857142686843872
Russia,RUS,2006,-23.52941131591797
Russia,RUS,2007,26.923072814941406
Russia,RUS,2008,-21.21211814880371
Russia,RUS,2009,-26.923078536987305
Russia,RUS,2010,10.1578950881958
Russia,RUS,2011,28.81031036376953
Russia,RUS,2012,-2.614980936050415
Russia,RUS,2013,-14.816230773925781
Russia,RUS,2014,2048.58056640625
Russia,RUS,2015,54.035125732421875
Russia,RUS,2016,0.05639791488647461
Russia,RUS,2017,-6.157481670379639
Russia,RUS,2018,70.61869812011719
Russia,RUS,2019,32.74161911010742
Russia,RUS,2020,261.4942321777344
Russia,RUS,2021,127.13484954833984
Slovakia,SVK,2004,200
Slovakia,SVK,2005,16.666675567626953
Slovakia,SVK,2006,-14.285713195800781
Slovakia,SVK,2007,33.333335876464844
Slovakia,SVK,2008,-12.5
Slovakia,SVK,2009,-14.285713195800781
Slovakia,SVK,2010,0
Slovakia,SVK,2011,-16.666667938232422
Slovakia,SVK,2012,20.000003814697266
Slovakia,SVK,2013,0
Slovakia,SVK,2014,0
Slovakia,SVK,2015,0
Slovakia,SVK,2016,0.27396678924560547
Slovakia,SVK,2017,-0.27321577072143555
Slovakia,SVK,2018,0
Slovakia,SVK,2019,0
Slovakia,SVK,2020,-33.33333206176758
Slovakia,SVK,2021,-0.2732276916503906
Slovenia,SVN,2014,0
Slovenia,SVN,2015,50
Slovenia,SVN,2016,0.27396678924560547
Slovenia,SVN,2017,-4.9936113357543945
Slovenia,SVN,2018,5.335891246795654
Slovenia,SVN,2019,2.142500877380371
Slovenia,SVN,2020,1.6422748565673828
Slovenia,SVN,2021,-11.454164505004883
South Africa,ZAF,2004,100
South Africa,ZAF,2005,0
South Africa,ZAF,2006,0
South Africa,ZAF,2007,0
South Africa,ZAF,2008,75
South Africa,ZAF,2009,42.857147216796875
South Africa,ZAF,2010,13.333344459533691
South Africa,ZAF,2011,8.823526382446289
South Africa,ZAF,2012,0
South Africa,ZAF,2013,0
South Africa,ZAF,2014,2781.0810546875
South Africa,ZAF,2015,188.08631896972656
South Africa,ZAF,2016,37.05632781982422
South Africa,ZAF,2017,39.39082717895508
South Africa,ZAF,2018,9.364021301269531
South Africa,ZAF,2019,4.114019870758057
South Africa,ZAF,2020,4.6408891677856445
South Africa,ZAF,2021,17.147254943847656
South America,,1997,59.69380187988281
South America,,1998,98.2127914428711
South America,,1999,-1.7349660396575928
South America,,2000,0.5497455596923828
South America,,2001,148.73158264160156
South America,,2002,53.63597869873047
South America,,2003,3.167080879211426
South America,,2004,30.018402099609375
South America,,2005,15.915573120117188
South America,,2006,69.63821411132812
South America,,2007,109.18746185302734
South America,,2008,68.24935913085938
South America,,2009,9.741377830505371
South America,,2010,80.80494689941406
South America,,2011,22.173954010009766
South America,,2012,85.81048583984375
South America,,2013,32.01333236694336
South America,,2014,95.95966339111328
South America,,2015,75.40052795410156
South America,,2016,49.79150390625
South America,,2017,26.642250061035156
South America,,2018,16.051219940185547
South America,,2019,20.99880027770996
South America,,2020,9.64463996887207
South America,,2021,27.93317985534668
South Korea,KOR,1994,0
South Korea,KOR,1995,-100
South Korea,KOR,1998,100
South Korea,KOR,1999,191.94998168945312
South Korea,KOR,2000,185.75099182128906
South Korea,KOR,2001,-24.542999267578125
South Korea,KOR,2002,18.196975708007812
South Korea,KOR,2003,67.0922622680664
South Korea,KOR,2004,90.7983169555664
South Korea,KOR,2005,173.78269958496094
South Korea,KOR,2006,83.93616485595703
South Korea,KOR,2007,57.230506896972656
South Korea,KOR,2008,16.077316284179688
South Korea,KOR,2009,57.178794860839844
South Korea,KOR,2010,19.201351165771484
South Korea,KOR,2011,5.622613430023193
South Korea,KOR,2012,5.780160427093506
South Korea,KOR,2013,25.792003631591797
South Korea,KOR,2014,-0.2283632755279541
South Korea,KOR,2015,17.186569213867188
South Korea,KOR,2016,25.37940788269043
South Korea,KOR,2017,28.866958618164062
South Korea,KOR,2018,13.640522956848145
South Korea,KOR,2019,8.693289756774902
South Korea,KOR,2020,17.56671714782715
South Korea,KOR,2021,0.5426764488220215
South and Central America (BP),,1994,352.9411315917969
South and Central America (BP),,1995,0
South and Central America (BP),,1996,439.6654968261719
South and Central America (BP),,1997,145.2137908935547
South and Central America (BP),,1998,8.206260681152344
South and Central America (BP),,1999,33.31126022338867
South and Central America (BP),,2000,69.80673217773438
South and Central America (BP),,2001,27.319324493408203
South and Central America (BP),,2002,42.95307540893555
South and Central America (BP),,2003,-3.4365713596343994
South and Central America (BP),,2004,22.639930725097656
South and Central America (BP),,2005,-2.0450949668884277
South and Central America (BP),,2006,45.36677551269531
South and Central America (BP),,2007,50.10026550292969
South and Central America (BP),,2008,43.82182312011719
South and Central America (BP),,2009,24.394512176513672
South and Central America (BP),,2010,65.96293640136719
South and Central America (BP),,2011,25.400102615356445
South and Central America (BP),,2012,77.30142211914062
South and Central America (BP),,2013,33.05975341796875
South and Central America (BP),,2014,82.57840728759766
South and Central America (BP),,2015,68.98892974853516
South and Central America (BP),,2016,43.61312484741211
South and Central America (BP),,2017,24.226200103759766
South and Central America (BP),,2018,17.244029998779297
South and Central America (BP),,2019,19.694673538208008
South and Central America (BP),,2020,8.431255340576172
South and Central America (BP),,2021,26.617992401123047
Spain,ESP,1990,7.692313194274902
Spain,ESP,1991,7.142853736877441
Spain,ESP,1992,586.6666870117188
Spain,ESP,1993,12.621355056762695
Spain,ESP,1994,50.86207580566406
Spain,ESP,1995,54.285728454589844
Spain,ESP,1996,34.81481170654297
Spain,ESP,1997,103.84614562988281
Spain,ESP,1998,82.21024322509766
Spain,ESP,1999,102.95858764648438
Spain,ESP,2000,72.26676940917969
Spain,ESP,2001,42.987083435058594
Spain,ESP,2002,38.215721130371094
Spain,ESP,2003,29.254972457885742
Spain,ESP,2004,30.020702362060547
Spain,ESP,2005,34.87898254394531
Spain,ESP,2006,10.016059875488281
Spain,ESP,2007,18.332826614379883
Spain,ESP,2008,19.50812339782715
Spain,ESP,2009,14.996969223022461
Spain,ESP,2010,15.294086456298828
Spain,ESP,2011,-2.8578758239746094
Spain,ESP,2012,16.58850860595703
Spain,ESP,2013,12.724626541137695
Spain,ESP,2014,-6.731790542602539
Spain,ESP,2015,-5.167937278747559
Spain,ESP,2016,-0.8332490921020508
Spain,ESP,2017,0.43544769287109375
Spain,ESP,2018,3.6008715629577637
Spain,ESP,2019,4.308927059173584
Spain,ESP,2020,6.318831443786621
Spain,ESP,2021,10.470843315124512
Sri Lanka,LKA,2000,-2.857142686843872
Sri Lanka,LKA,2001,2.9411792755126953
Sri Lanka,LKA,2002,3.0213356018066406
Sri Lanka,LKA,2003,-5.546700954437256
Sri Lanka,LKA,2004,-20.55349349975586
Sri Lanka,LKA,2005,-11.087507247924805
Sri Lanka,LKA,2006,-4.15671443939209
Sri Lanka,LKA,2007,0
Sri Lanka,LKA,2008,40.59421920776367
Sri Lanka,LKA,2009,8.011114120483398
Sri Lanka,LKA,2010,1418.270751953125
Sri Lanka,LKA,2011,72.34378051757812
Sri Lanka,LKA,2012,60.234703063964844
Sri Lanka,LKA,2013,59.78840637207031
Sri Lanka,LKA,2014,16.14447784423828
Sri Lanka,LKA,2015,25.97000503540039
Sri Lanka,LKA,2016,0.48366785049438477
Sri Lanka,LKA,2017,6.361818313598633
Sri Lanka,LKA,2018,-11.04113483428955
Sri Lanka,LKA,2019,6.708335876464844
Sri Lanka,LKA,2020,39.735626220703125
Sri Lanka,LKA,2021,40.67603302001953
Sweden,SWE,1984,66.66666412353516
Sweden,SWE,1985,20.000003814697266
Sweden,SWE,1986,0
Sweden,SWE,1987,0
Sweden,SWE,1988,-16.666667938232422
Sweden,SWE,1989,0
Sweden,SWE,1990,20.000003814697266
Sweden,SWE,1991,116.66667175292969
Sweden,SWE,1992,138.46151733398438
Sweden,SWE,1993,67.741943359375
Sweden,SWE,1994,44.230770111083984
Sweden,SWE,1995,39.99998474121094
Sweden,SWE,1996,37.142860412597656
Sweden,SWE,1997,40.97222137451172
Sweden,SWE,1998,51.72413635253906
Sweden,SWE,1999,16.233766555786133
Sweden,SWE,2000,27.653621673583984
Sweden,SWE,2001,5.470466613769531
Sweden,SWE,2002,26.141071319580078
Sweden,SWE,2003,11.677635192871094
Sweden,SWE,2004,25.18409538269043
Sweden,SWE,2005,11.64705753326416
Sweden,SWE,2006,4.004216194152832
Sweden,SWE,2007,44.88347625732422
Sweden,SWE,2008,39.58042907714844
Sweden,SWE,2009,24.498987197875977
Sweden,SWE,2010,40.92556381225586
Sweden,SWE,2011,73.5579605102539
Sweden,SWE,2012,17.884170532226562
Sweden,SWE,2013,37.3621826171875
Sweden,SWE,2014,14.14346694946289
Sweden,SWE,2015,44.81039047241211
Sweden,SWE,2016,-4.850011825561523
Sweden,SWE,2017,13.760578155517578
Sweden,SWE,2018,-5.599409103393555
Sweden,SWE,2019,19.394826889038086
Sweden,SWE,2020,38.690982818603516
Sweden,SWE,2021,-0.7974147796630859
Switzerland,CHE,1997,100
Switzerland,CHE,1998,50
Switzerland,CHE,1999,0
Switzerland,CHE,2000,0
Switzerland,CHE,2001,33.333335876464844
Switzerland,CHE,2002,24.999988555908203
Switzerland,CHE,2003,0
Switzerland,CHE,2004,20.000003814697266
Switzerland,CHE,2005,33.333335876464844
Switzerland,CHE,2006,87.49998474121094
Switzerland,CHE,2007,6.666672229766846
Switzerland,CHE,2008,18.749988555908203
Switzerland,CHE,2009,21.052635192871094
Switzerland,CHE,2010,60.869564056396484
Switzerland,CHE,2011,89.1891860961914
Switzerland,CHE,2012,25.714290618896484
Switzerland,CHE,2013,2.2727370262145996
Switzerland,CHE,2014,12.22221851348877
Switzerland,CHE,2015,8.910882949829102
Switzerland,CHE,2016,-0.9090900421142578
Switzerland,CHE,2017,22.018348693847656
Switzerland,CHE,2018,-8.270674705505371
Switzerland,CHE,2019,19.672130584716797
Switzerland,CHE,2020,-0.6849348545074463
Switzerland,CHE,2021,-0.2732276916503906
Taiwan,TWN,2001,784.3102416992188
Taiwan,TWN,2002,29.854393005371094
Taiwan,TWN,2003,49.63615036010742
Taiwan,TWN,2004,6.275629997253418
Taiwan,TWN,2005,261.54559326171875
Taiwan,TWN,2006,202.38055419921875
Taiwan,TWN,2007,59.20852279663086
Taiwan,TWN,2008,33.838226318359375
Taiwan,TWN,2009,33.72123336791992
Taiwan,TWN,2010,30.471837997436523
Taiwan,TWN,2011,45.43716812133789
Taiwan,TWN,2012,-5.306452751159668
Taiwan,TWN,2013,16.027175903320312
Taiwan,TWN,2014,-8.507478713989258
Taiwan,TWN,2015,1.6495585441589355
Taiwan,TWN,2016,-4.467100143432617
Taiwan,TWN,2017,18.21126937866211
Taiwan,TWN,2018,-0.8867859840393066
Taiwan,TWN,2019,10.839343070983887
Taiwan,TWN,2020,22.018444061279297
Taiwan,TWN,2021,-2.8932154178619385
Thailand,THA,2007,200.76336669921875
Thailand,THA,2008,22.33502960205078
Thailand,THA,2009,107.46888732910156
Thailand,THA,2010,292.39996337890625
Thailand,THA,2011,27.420997619628906
Thailand,THA,2012,243.57998657226562
Thailand,THA,2013,1944.9619140625
Thailand,THA,2014,12.722885131835938
Thailand,THA,2015,-17.171716690063477
Thailand,THA,2016,5.182921886444092
Thailand,THA,2017,221.44924926757812
Thailand,THA,2018,47.971153259277344
Thailand,THA,2019,123.64411163330078
Thailand,THA,2020,0.27397871017456055
Thailand,THA,2021,-0.2732276916503906
Turkey,TUR,1999,272.7272644042969
Turkey,TUR,2000,62.92681884765625
Turkey,TUR,2001,86.82634735107422
Turkey,TUR,2002,-23.076921463012695
Turkey,TUR,2003,27.916669845581055
Turkey,TUR,2004,-6.026059150695801
Turkey,TUR,2005,2.2530317306518555
Turkey,TUR,2006,121.18644714355469
Turkey,TUR,2007,169.04212951660156
Turkey,TUR,2008,141.0994110107422
Turkey,TUR,2009,76.65328979492188
Turkey,TUR,2010,95.03065490722656
Turkey,TUR,2011,61.97541809082031
Turkey,TUR,2012,24.0659236907959
Turkey,TUR,2013,28.950214385986328
Turkey,TUR,2014,12.737107276916504
Turkey,TUR,2015,36.76527786254883
Turkey,TUR,2016,33.16576385498047
Turkey,TUR,2017,15.381086349487305
Turkey,TUR,2018,11.424398422241211
Turkey,TUR,2019,8.930182456970215
Turkey,TUR,2020,14.254021644592285
Turkey,TUR,2021,25.41153335571289
Ukraine,UKR,1999,0
Ukraine,UKR,2000,100
Ukraine,UKR,2001,166.6666717529297
Ukraine,UKR,2002,37.4999885559082
Ukraine,UKR,2003,40.909088134765625
Ukraine,UKR,2004,6.451618671417236
Ukraine,UKR,2005,15.151512145996094
Ukraine,UKR,2006,-7.894730567932129
Ukraine,UKR,2007,28.57143783569336
Ukraine,UKR,2008,0
Ukraine,UKR,2009,-4.444444179534912
Ukraine,UKR,2010,16.27906608581543
Ukraine,UKR,2011,79.00000762939453
Ukraine,UKR,2012,222.0111541748047
Ukraine,UKR,2013,121.58224487304688
Ukraine,UKR,2014,76.98090362548828
Ukraine,UKR,2015,-4.052376747131348
Ukraine,UKR,2016,-12.043529510498047
Ukraine,UKR,2017,3.1033754348754883
Ukraine,UKR,2018,20.846044540405273
Ukraine,UKR,2019,69.99327087402344
Ukraine,UKR,2020,61.5830192565918
Ukraine,UKR,2021,19.579029083251953
United Arab Emirates,ARE,2014,100
United Arab Emirates,ARE,2015,-50
United Arab Emirates,ARE,2016,-100
United Kingdom,GBR,1990,0
United Kingdom,GBR,1991,0
United Kingdom,GBR,1992,266.66668701171875
United Kingdom,GBR,1993,557.5757446289062
United Kingdom,GBR,1994,58.525360107421875
United Kingdom,GBR,1995,13.953483581542969
United Kingdom,GBR,1996,24.489795684814453
United Kingdom,GBR,1997,36.680328369140625
United Kingdom,GBR,1998,31.4842586517334
United Kingdom,GBR,1999,-3.078669309616089
United Kingdom,GBR,2000,11.29411506652832
United Kingdom,GBR,2001,2.0084619522094727
United Kingdom,GBR,2002,30.466318130493164
United Kingdom,GBR,2003,2.3034214973449707
United Kingdom,GBR,2004,50.54347610473633
United Kingdom,GBR,2005,50.18050765991211
United Kingdom,GBR,2006,45.467041015625
United Kingdom,GBR,2007,24.499940872192383
United Kingdom,GBR,2008,34.57515335083008
United Kingdom,GBR,2009,30.768596649169922
United Kingdom,GBR,2010,10.825085639953613
United Kingdom,GBR,2011,55.19658279418945
United Kingdom,GBR,2012,24.332260131835938
United Kingdom,GBR,2013,43.07946014404297
United Kingdom,GBR,2014,12.543832778930664
United Kingdom,GBR,2015,26.019001007080078
United Kingdom,GBR,2016,-7.735115051269531
United Kingdom,GBR,2017,33.5895881652832
United Kingdom,GBR,2018,14.638042449951172
United Kingdom,GBR,2019,12.103033065795898
United Kingdom,GBR,2020,18.142414093017578
United Kingdom,GBR,2021,-14.47492790222168
United States,USA,1984,143.25341796875
United States,USA,1985,-11.217260360717773
United States,USA,1986,-27.299558639526367
United States,USA,1987,-15.46906852722168
United States,USA,1988,-75.40242767333984
United States,USA,1989,242384.84375
United States,USA,1990,32.033287048339844
United States,USA,1991,5.82195520401001
United States,USA,1992,-2.1494150161743164
United States,USA,1993,4.097080230712891
United States,USA,1994,14.680886268615723
United States,USA,1995,-8.205604553222656
United States,USA,1996,2.20639705657959
United States,USA,1997,1.6686797142028809
United States,USA,1998,-7.9785943031311035
United States,USA,1999,48.329437255859375
United States,USA,2000,24.627090454101562
United States,USA,2001,20.454429626464844
United States,USA,2002,53.68519973754883
United States,USA,2003,8.046770095825195
United States,USA,2004,26.424884796142578
United States,USA,2005,25.92531394958496
United States,USA,2006,49.28868865966797
United States,USA,2007,29.563915252685547
United States,USA,2008,60.70600891113281
United States,USA,2009,33.45735168457031
United States,USA,2010,28.105567932128906
United States,USA,2011,26.966453552246094
United States,USA,2012,17.178964614868164
United States,USA,2013,19.185997009277344
United States,USA,2014,8.231389999389648
United States,USA,2015,4.989266395568848
United States,USA,2016,19.019651412963867
United States,USA,2017,12.031280517578125
United States,USA,2018,7.221615314483643
United States,USA,2019,8.514046669006348
United States,USA,2020,14.21360969543457
United States,USA,2021,12.377775192260742
Upper-middle-income countries,,1991,150.37594604492188
Upper-middle-income countries,,1992,1211.211181640625
Upper-middle-income countries,,1993,61.0733757019043
Upper-middle-income countries,,1994,82.44940185546875
Upper-middle-income countries,,1995,60.26238250732422
Upper-middle-income countries,,1996,-82.03397369384766
Upper-middle-income countries,,1997,104.6955337524414
Upper-middle-income countries,,1998,80.69263458251953
Upper-middle-income countries,,1999,32.48561477661133
Upper-middle-income countries,,2000,24.08570098876953
Upper-middle-income countries,,2001,30.465484619140625
Upper-middle-income countries,,2002,18.0178165435791
Upper-middle-income countries,,2003,17.549015045166016
Upper-middle-income countries,,2004,26.864206314086914
Upper-middle-income countries,,2005,44.848419189453125
Upper-middle-income countries,,2006,89.80416107177734
Upper-middle-income countries,,2007,61.136985778808594
Upper-middle-income countries,,2008,125.83901977539062
Upper-middle-income countries,,2009,100.31776428222656
Upper-middle-income countries,,2010,81.4085693359375
Upper-middle-income countries,,2011,50.5324592590332
Upper-middle-income countries,,2012,42.61589050292969
Upper-middle-income countries,,2013,33.96921157836914
Upper-middle-income countries,,2014,19.701980590820312
Upper-middle-income countries,,2015,23.344087600708008
Upper-middle-income countries,,2016,30.605865478515625
Upper-middle-income countries,,2017,24.95826530456543
Upper-middle-income countries,,2018,18.55945587158203
Upper-middle-income countries,,2019,12.726712226867676
Upper-middle-income countries,,2020,14.18600082397461
Upper-middle-income countries,,2021,36.31020736694336
Uzbekistan,UZB,2020,-100
Venezuela,VEN,2014,23.97190284729004
Venezuela,VEN,2015,-32.797218322753906
Venezuela,VEN,2016,32.70328140258789
Venezuela,VEN,2017,-2.428525686264038
Venezuela,VEN,2018,0
Venezuela,VEN,2019,-12.528878211975098
Venezuela,VEN,2020,0.27396678924560547
Venezuela,VEN,2021,-0.2732217311859131
Vietnam,VNM,2009,582.3529052734375
Vietnam,VNM,2010,250.86207580566406
Vietnam,VNM,2011,0
Vietnam,VNM,2012,0
Vietnam,VNM,2013,69.28746795654297
Vietnam,VNM,2014,0
Vietnam,VNM,2015,156.45863342285156
Vietnam,VNM,2016,13.752126693725586
Vietnam,VNM,2017,74.12934112548828
Vietnam,VNM,2018,39.142860412597656
Vietnam,VNM,2019,48.25461959838867
Vietnam,VNM,2020,48.724365234375
Vietnam,VNM,2021,122.72634887695312
Western Africa (BP),,1994,170
Western Africa (BP),,1995,16.666662216186523
Western Africa (BP),,1996,12.69841194152832
Western Africa (BP),,1997,1.4084458351135254
Western Africa (BP),,1998,5.555558204650879
Western Africa (BP),,1999,2.6315689086914062
Western Africa (BP),,2000,1.282048225402832
Western Africa (BP),,2001,-14.17720890045166
Western Africa (BP),,2002,1.5339255332946777
Western Africa (BP),,2003,7.481122016906738
Western Africa (BP),,2004,13.934314727783203
Western Africa (BP),,2005,2.8588294982910156
Western Africa (BP),,2006,9.618270874023438
Western Africa (BP),,2007,-6.501835823059082
Western Africa (BP),,2008,-13.412851333618164
Western Africa (BP),,2009,-5.9519171714782715
Western Africa (BP),,2010,-24.98272705078125
Western Africa (BP),,2011,256.4007873535156
Western Africa (BP),,2012,233.08697509765625
Western Africa (BP),,2013,43.141090393066406
Western Africa (BP),,2014,0.6379961967468262
Western Africa (BP),,2015,94.97638702392578
Western Africa (BP),,2016,-1.2673437595367432
Western Africa (BP),,2017,-0.6615102291107178
Western Africa (BP),,2018,7.0719122886657715
Western Africa (BP),,2019,21.046674728393555
Western Africa (BP),,2020,80.26571655273438
Western Africa (BP),,2021,-0.3890395164489746
World,OWID_WRL,1979,100
World,OWID_WRL,1980,75
World,OWID_WRL,1981,0
World,OWID_WRL,1982,76.19048309326172
World,OWID_WRL,1983,77.2699966430664
World,OWID_WRL,1984,36.47087860107422
World,OWID_WRL,1985,43.49101638793945
World,OWID_WRL,1986,116.18013000488281
World,OWID_WRL,1987,40.72960662841797
World,OWID_WRL,1988,69.71302032470703
World,OWID_WRL,1989,699.1369018554688
World,OWID_WRL,1990,37.085914611816406
World,OWID_WRL,1991,12.504875183105469
World,OWID_WRL,1992,15.819716453552246
World,OWID_WRL,1993,20.3742618560791
World,OWID_WRL,1994,25.017011642456055
World,OWID_WRL,1995,15.990519523620605
World,OWID_WRL,1996,11.409891128540039
World,OWID_WRL,1997,30.563152313232422
World,OWID_WRL,1998,32.480464935302734
World,OWID_WRL,1999,33.25687789916992
World,OWID_WRL,2000,48.03534698486328
World,OWID_WRL,2001,22.20498275756836
World,OWID_WRL,2002,36.38042068481445
World,OWID_WRL,2003,20.901060104370117
World,OWID_WRL,2004,35.30166244506836
World,OWID_WRL,2005,22.210657119750977
World,OWID_WRL,2006,27.573347091674805
World,OWID_WRL,2007,28.471099853515625
World,OWID_WRL,2008,29.097604751586914
World,OWID_WRL,2009,25.012981414794922
World,OWID_WRL,2010,25.156761169433594
World,OWID_WRL,2011,27.12254524230957
World,OWID_WRL,2012,20.462310791015625
World,OWID_WRL,2013,19.794416427612305
World,OWID_WRL,2014,11.06971549987793
World,OWID_WRL,2015,17.778480529785156
World,OWID_WRL,2016,15.728509902954102
World,OWID_WRL,2017,18.53145408630371
World,OWID_WRL,2018,11.36329174041748
World,OWID_WRL,2019,11.85568618774414
World,OWID_WRL,2020,12.381458282470703
World,OWID_WRL,2021,16.631603240966797