Entity,Code,Year,Wind Capacity
Africa,,1997,0.006
Africa,,1998,0.01
Africa,,1999,0.064
Africa,,2000,0.13905000305175783
Africa,,2001,0.13905000305175783
Africa,,2002,0.14430999755859375
Africa,,2003,0.15361000061035157
Africa,,2004,0.2361300048828125
Africa,,2005,0.2401999969482422
Africa,,2006,0.32792498779296875
Africa,,2007,0.4701199951171875
Africa,,2008,0.5553200073242187
Africa,,2009,0.7423699951171875
Africa,,2010,0.8647969970703125
Africa,,2011,0.9950020141601563
Africa,,2012,1.12760400390625
Africa,,2013,1.7418339843750001
Africa,,2014,2.3993979492187503
Africa,,2015,3.3202680664062503
Africa,,2016,3.8264140625
Africa,,2017,4.57926318359375
Africa,,2018,5.471552734375
Africa,,2019,5.5287529296875
Africa,,2020,6.48465283203125
Africa,,2021,7.334152832031251
Africa (BP),,1997,0.006
Africa (BP),,1998,0.01
Africa (BP),,1999,0.064
Africa (BP),,2000,0.13905000305175783
Africa (BP),,2001,0.13905000305175783
Africa (BP),,2002,0.14430999755859375
Africa (BP),,2003,0.15361000061035157
Africa (BP),,2004,0.2361300048828125
Africa (BP),,2005,0.2401999969482422
Africa (BP),,2006,0.32792498779296875
Africa (BP),,2007,0.4701199951171875
Africa (BP),,2008,0.5553200073242187
Africa (BP),,2009,0.7423699951171875
Africa (BP),,2010,0.8647969970703125
Africa (BP),,2011,0.9950020141601563
Africa (BP),,2012,1.12760400390625
Africa (BP),,2013,1.7418339843750001
Africa (BP),,2014,2.3993979492187503
Africa (BP),,2015,3.3202680664062503
Africa (BP),,2016,3.8264140625
Africa (BP),,2017,4.57926318359375
Africa (BP),,2018,5.47155322265625
Africa (BP),,2019,5.5287529296875
Africa (BP),,2020,6.48465283203125
Africa (BP),,2021,7.334152832031251
Argentina,ARG,1997,0.009000000000000001
Argentina,ARG,1998,0.014
Argentina,ARG,1999,0.014
Argentina,ARG,2000,0.014112000465393067
Argentina,ARG,2001,0.024829000473022462
Argentina,ARG,2002,0.02579800033569336
Argentina,ARG,2003,0.025729000091552736
Argentina,ARG,2004,0.02782900047302246
Argentina,ARG,2005,0.02782900047302246
Argentina,ARG,2006,0.02782900047302246
Argentina,ARG,2007,0.02782900047302246
Argentina,ARG,2008,0.02782900047302246
Argentina,ARG,2009,0.02782900047302246
Argentina,ARG,2010,0.02782900047302246
Argentina,ARG,2011,0.05957899856567383
Argentina,ARG,2012,0.13697900390625
Argentina,ARG,2013,0.18997900390625
Argentina,ARG,2014,0.21518699645996095
Argentina,ARG,2015,0.18710400390625
Argentina,ARG,2016,0.18744200134277345
Argentina,ARG,2017,0.22674200439453127
Argentina,ARG,2018,0.7503419799804688
Argentina,ARG,2019,1.6093590087890626
Argentina,ARG,2020,2.623904052734375
Argentina,ARG,2021,3.2921240234375
Asia,,1997,1.127
Asia,,1998,1.246
Asia,,1999,1.395
Asia,,2000,1.414260009765625
Asia,,2001,2.176556884765625
Asia,,2002,2.402797119140625
Asia,,2003,3.601465087890625
Asia,,2004,5.46147021484375
Asia,,2005,6.972509765625
Asia,,2006,10.653403320312501
Asia,,2007,14.256196289062501
Asia,,2008,21.475419921875
Asia,,2009,32.258021484375
Asia,,2010,47.56460546875
Asia,,2011,67.92040625
Asia,,2012,85.2463828125
Asia,,2013,102.48746875
Asia,,2014,128.197578125
Asia,,2015,166.67778125
Asia,,2016,190.492984375
Asia,,2017,212.1905625
Asia,,2018,236.921703125
Asia,,2019,266.26896875
Asia,,2020,342.29275
Asia,,2021,397.26875
Asia Pacific (BP),,1997,1.117074951171875
Asia Pacific (BP),,1998,1.242074951171875
Asia Pacific (BP),,1999,1.4227550048828126
Asia Pacific (BP),,2000,1.4516099853515625
Asia Pacific (BP),,2001,2.256556884765625
Asia Pacific (BP),,2002,2.5232971191406253
Asia Pacific (BP),,2003,3.8199650878906253
Asia Pacific (BP),,2004,5.95347021484375
Asia Pacific (BP),,2005,7.81341015625
Asia Pacific (BP),,2006,11.526302734375001
Asia Pacific (BP),,2007,15.6062958984375
Asia Pacific (BP),,2008,22.800845703125
Asia Pacific (BP),,2009,33.5604453125
Asia Pacific (BP),,2010,48.525027343750004
Asia Pacific (BP),,2011,68.830515625
Asia Pacific (BP),,2012,86.0455703125
Asia Pacific (BP),,2013,103.43621093750001
Asia Pacific (BP),,2014,128.8175
Asia Pacific (BP),,2015,166.656796875
Asia Pacific (BP),,2016,189.155859375
Asia Pacific (BP),,2017,210.45846875
Asia Pacific (BP),,2018,235.158046875
Asia Pacific (BP),,2019,264.40815625
Asia Pacific (BP),,2020,341.25909375000003
Asia Pacific (BP),,2021,394.15040625
Australia,AUS,1997,0.004
Australia,AUS,1998,0.01
Australia,AUS,1999,0.01
Australia,AUS,2000,0.033
Australia,AUS,2001,0.076
Australia,AUS,2002,0.106
Australia,AUS,2003,0.19
Australia,AUS,2004,0.379
Australia,AUS,2005,0.74
Australia,AUS,2006,0.8190000000000001
Australia,AUS,2007,1.249
Australia,AUS,2008,1.441
Australia,AUS,2009,1.703
Australia,AUS,2010,1.864
Australia,AUS,2011,2.1270000000000002
Australia,AUS,2012,2.561
Australia,AUS,2013,3.221
Australia,AUS,2014,3.797
Australia,AUS,2015,4.181
Australia,AUS,2016,4.324
Australia,AUS,2017,4.812
Australia,AUS,2018,5.442
Australia,AUS,2019,6.279
Australia,AUS,2020,8.603
Australia,AUS,2021,8.950599609375
Austria,AUT,1997,0.02
Austria,AUT,1998,0.03
Austria,AUT,1999,0.042
Austria,AUT,2000,0.05
Austria,AUT,2001,0.067
Austria,AUT,2002,0.109
Austria,AUT,2003,0.322
Austria,AUT,2004,0.581
Austria,AUT,2005,0.825218994140625
Austria,AUT,2006,0.9682689819335938
Austria,AUT,2007,0.9911589965820312
Austria,AUT,2008,0.9919739990234375
Austria,AUT,2009,1.0009849853515624
Austria,AUT,2010,1.0158280029296876
Austria,AUT,2011,1.1059659423828125
Austria,AUT,2012,1.3371500244140626
Austria,AUT,2013,1.6745379638671876
Austria,AUT,2014,2.11027490234375
Austria,AUT,2015,2.48872607421875
Austria,AUT,2016,2.72999609375
Austria,AUT,2017,2.886697998046875
Austria,AUT,2018,3.132712890625
Austria,AUT,2019,3.224116943359375
Austria,AUT,2020,3.225985107421875
Austria,AUT,2021,3.523985107421875
Belgium,BEL,1997,0.009000000000000001
Belgium,BEL,1998,0.01
Belgium,BEL,1999,0.011
Belgium,BEL,2000,0.014
Belgium,BEL,2001,0.026000000000000002
Belgium,BEL,2002,0.031
Belgium,BEL,2003,0.067
Belgium,BEL,2004,0.096
Belgium,BEL,2005,0.167
Belgium,BEL,2006,0.212
Belgium,BEL,2007,0.276
Belgium,BEL,2008,0.324
Belgium,BEL,2009,0.608
Belgium,BEL,2010,0.912
Belgium,BEL,2011,1.069
Belgium,BEL,2012,1.37
Belgium,BEL,2013,1.78
Belgium,BEL,2014,1.944
Belgium,BEL,2015,2.176
Belgium,BEL,2016,2.37
Belgium,BEL,2017,2.7875
Belgium,BEL,2018,3.2678999023437503
Belgium,BEL,2019,3.86339990234375
Belgium,BEL,2020,4.68089990234375
Belgium,BEL,2021,4.77964013671875
Brazil,BRA,1997,0.004
Brazil,BRA,1998,0.019
Brazil,BRA,1999,0.022
Brazil,BRA,2000,0.022
Brazil,BRA,2001,0.024
Brazil,BRA,2002,0.022
Brazil,BRA,2003,0.024
Brazil,BRA,2004,0.024
Brazil,BRA,2005,0.029
Brazil,BRA,2006,0.23700000000000002
Brazil,BRA,2007,0.247
Brazil,BRA,2008,0.398
Brazil,BRA,2009,0.602
Brazil,BRA,2010,0.927
Brazil,BRA,2011,1.426
Brazil,BRA,2012,1.8940000000000001
Brazil,BRA,2013,2.20202001953125
Brazil,BRA,2014,4.88805322265625
Brazil,BRA,2015,7.633115234375
Brazil,BRA,2016,10.129155273437501
Brazil,BRA,2017,12.3042724609375
Brazil,BRA,2018,14.84309375
Brazil,BRA,2019,15.43837890625
Brazil,BRA,2020,17.19832421875
Brazil,BRA,2021,21.16126953125
Bulgaria,BGR,1997,0
Bulgaria,BGR,1998,0
Bulgaria,BGR,1999,0
Bulgaria,BGR,2000,0
Bulgaria,BGR,2001,0
Bulgaria,BGR,2002,0
Bulgaria,BGR,2003,0
Bulgaria,BGR,2004,0.001
Bulgaria,BGR,2005,0.008
Bulgaria,BGR,2006,0.027
Bulgaria,BGR,2007,0.03
Bulgaria,BGR,2008,0.114
Bulgaria,BGR,2009,0.333
Bulgaria,BGR,2010,0.488
Bulgaria,BGR,2011,0.541
Bulgaria,BGR,2012,0.677
Bulgaria,BGR,2013,0.683
Bulgaria,BGR,2014,0.6990000000000001
Bulgaria,BGR,2015,0.6990000000000001
Bulgaria,BGR,2016,0.6990000000000001
Bulgaria,BGR,2017,0.6983900146484375
Bulgaria,BGR,2018,0.6989199829101562
Bulgaria,BGR,2019,0.7031199951171875
Bulgaria,BGR,2020,0.7027999877929688
Bulgaria,BGR,2021,0.7047999877929688
CIS (BP),,2000,0.0032500000000000003
CIS (BP),,2001,0.0035999999046325685
CIS (BP),,2002,0.008100000381469727
CIS (BP),,2003,0.010100000381469727
CIS (BP),,2004,0.010100000381469727
CIS (BP),,2005,0.011100000381469726
CIS (BP),,2006,0.011100000381469726
CIS (BP),,2007,0.011899999618530274
CIS (BP),,2008,0.011899999618530274
CIS (BP),,2009,0.013899999618530274
CIS (BP),,2010,0.013899999618530274
CIS (BP),,2011,0.014
CIS (BP),,2012,0.0185
CIS (BP),,2013,0.023700000762939454
CIS (BP),,2014,0.07451000213623048
CIS (BP),,2015,0.11265499877929688
CIS (BP),,2016,0.18675999450683595
CIS (BP),,2017,0.22375
CIS (BP),,2018,0.33210000610351564
CIS (BP),,2019,0.5644500122070313
CIS (BP),,2020,1.6103499755859376
CIS (BP),,2021,3.30510009765625
Canada,CAN,1997,0.026000000000000002
Canada,CAN,1998,0.083
Canada,CAN,1999,0.126
Canada,CAN,2000,0.092
Canada,CAN,2001,0.131
Canada,CAN,2002,0.161
Canada,CAN,2003,0.327
Canada,CAN,2004,0.444
Canada,CAN,2005,0.677
Canada,CAN,2006,1.423
Canada,CAN,2007,1.84
Canada,CAN,2008,2.336
Canada,CAN,2009,3.282
Canada,CAN,2010,3.967
Canada,CAN,2011,5.265
Canada,CAN,2012,6.2010000000000005
Canada,CAN,2013,7.801
Canada,CAN,2014,9.694
Canada,CAN,2015,11.214
Canada,CAN,2016,11.973
Canada,CAN,2017,12.25
Canada,CAN,2018,12.816
Canada,CAN,2019,13.413
Canada,CAN,2020,13.6269599609375
Canada,CAN,2021,14.303559570312501
Chile,CHL,1997,0
Chile,CHL,1998,0
Chile,CHL,1999,0
Chile,CHL,2000,0
Chile,CHL,2001,0.002
Chile,CHL,2002,0.002
Chile,CHL,2003,0.002
Chile,CHL,2004,0.002
Chile,CHL,2005,0.002
Chile,CHL,2006,0.002
Chile,CHL,2007,0.02
Chile,CHL,2008,0.02
Chile,CHL,2009,0.163
Chile,CHL,2010,0.163
Chile,CHL,2011,0.184
Chile,CHL,2012,0.202
Chile,CHL,2013,0.301
Chile,CHL,2014,0.736
Chile,CHL,2015,0.91
Chile,CHL,2016,1.039
Chile,CHL,2017,1.305
Chile,CHL,2018,1.524
Chile,CHL,2019,1.620073974609375
Chile,CHL,2020,2.14899609375
Chile,CHL,2021,3.137006103515625
China,CHN,1997,0.146
China,CHN,1998,0.2
China,CHN,1999,0.262
China,CHN,2000,0.341
China,CHN,2001,0.383
China,CHN,2002,0.449
China,CHN,2003,0.547
China,CHN,2004,0.763
China,CHN,2005,1.06
China,CHN,2006,2.07
China,CHN,2007,4.2
China,CHN,2008,8.3877275390625
China,CHN,2009,17.599408203125
China,CHN,2010,29.633478515625
China,CHN,2011,46.3546015625
China,CHN,2012,61.59687109375
China,CHN,2013,76.73053125
China,CHN,2014,96.8191328125
China,CHN,2015,131.0477265625
China,CHN,2016,148.516890625
China,CHN,2017,164.374484375
China,CHN,2018,184.664875
China,CHN,2019,209.58190625
China,CHN,2020,282.11265625
China,CHN,2021,328.9734375
Costa Rica,CRI,1997,0.023
Costa Rica,CRI,1998,0.027
Costa Rica,CRI,1999,0.035
Costa Rica,CRI,2000,0.0425
Costa Rica,CRI,2001,0.06229999923706055
Costa Rica,CRI,2002,0.06229999923706055
Costa Rica,CRI,2003,0.0685999984741211
Costa Rica,CRI,2004,0.0685999984741211
Costa Rica,CRI,2005,0.0685999984741211
Costa Rica,CRI,2006,0.0685999984741211
Costa Rica,CRI,2007,0.066
Costa Rica,CRI,2008,0.066
Costa Rica,CRI,2009,0.1155
Costa Rica,CRI,2010,0.1155
Costa Rica,CRI,2011,0.12830000305175782
Costa Rica,CRI,2012,0.14360000610351562
Costa Rica,CRI,2013,0.14360000610351562
Costa Rica,CRI,2014,0.19310000610351563
Costa Rica,CRI,2015,0.27210000610351565
Costa Rica,CRI,2016,0.3651000061035156
Costa Rica,CRI,2017,0.3778200073242188
Costa Rica,CRI,2018,0.4077699890136719
Costa Rica,CRI,2019,0.4109200134277344
Costa Rica,CRI,2020,0.39351998901367186
Costa Rica,CRI,2021,0.39351998901367186
Denmark,DNK,1997,1.116
Denmark,DNK,1998,1.42
Denmark,DNK,1999,1.738
Denmark,DNK,2000,2.390014892578125
Denmark,DNK,2001,2.497153076171875
Denmark,DNK,2002,2.894531005859375
Denmark,DNK,2003,3.119916015625
Denmark,DNK,2004,3.1237119140625
Denmark,DNK,2005,3.1278359375
Denmark,DNK,2006,3.135696044921875
Denmark,DNK,2007,3.124214111328125
Denmark,DNK,2008,3.1628701171875
Denmark,DNK,2009,3.4820869140625
Denmark,DNK,2010,3.8018291015625
Denmark,DNK,2011,3.95198095703125
Denmark,DNK,2012,4.16194091796875
Denmark,DNK,2013,4.8189228515625
Denmark,DNK,2014,4.8864028320312505
Denmark,DNK,2015,5.0769658203125
Denmark,DNK,2016,5.24514208984375
Denmark,DNK,2017,5.48894921875
Denmark,DNK,2018,6.1150458984375
Denmark,DNK,2019,6.10293994140625
Denmark,DNK,2020,6.259455078125
Denmark,DNK,2021,7.01356494140625
Egypt,EGY,1997,0.006
Egypt,EGY,1998,0.006
Egypt,EGY,1999,0.036000000000000004
Egypt,EGY,2000,0.074
Egypt,EGY,2001,0.074
Egypt,EGY,2002,0.074
Egypt,EGY,2003,0.074
Egypt,EGY,2004,0.15
Egypt,EGY,2005,0.15
Egypt,EGY,2006,0.23500000000000001
Egypt,EGY,2007,0.315
Egypt,EGY,2008,0.395
Egypt,EGY,2009,0.44
Egypt,EGY,2010,0.555
Egypt,EGY,2011,0.555
Egypt,EGY,2012,0.555
Egypt,EGY,2013,0.555
Egypt,EGY,2014,0.555
Egypt,EGY,2015,0.755
Egypt,EGY,2016,0.755
Egypt,EGY,2017,0.755
Egypt,EGY,2018,1.1300000000000001
Egypt,EGY,2019,1.1320000000000001
Egypt,EGY,2020,1.3800000000000001
Egypt,EGY,2021,1.6400000000000001
Europe,,1997,4.801
Europe,,1998,6.3741000976562505
Europe,,1999,9.2707998046875
Europe,,2000,12.733665039062501
Europe,,2001,17.395333984375
Europe,,2002,23.29401171875
Europe,,2003,28.160845703125002
Europe,,2004,34.328265625
Europe,,2005,40.69319140625
Europe,,2006,47.92780078125
Europe,,2007,56.34890625
Europe,,2008,64.06339453125
Europe,,2009,75.815640625
Europe,,2010,84.9283515625
Europe,,2011,94.7222265625
Europe,,2012,107.20096875
Europe,,2013,118.1838984375
Europe,,2014,130.21045312500002
Europe,,2015,142.9990625
Europe,,2016,155.732109375
Europe,,2017,170.571265625
Europe,,2018,181.88414062500001
Europe,,2019,196.35015625
Europe,,2020,208.73246875
Europe,,2021,223.9155
Europe (BP),,1997,4.8100000000000005
Europe (BP),,1998,6.38310009765625
Europe (BP),,1999,9.2797998046875
Europe (BP),,2000,12.749665039062501
Europe (BP),,2001,17.41133203125
Europe (BP),,2002,23.30601171875
Europe (BP),,2003,28.170845703125
Europe (BP),,2004,34.338265625
Europe (BP),,2005,40.704191406250004
Europe (BP),,2006,47.97680078125
Europe (BP),,2007,56.48490625
Europe (BP),,2008,64.41739453125
Europe (BP),,2009,76.597640625
Europe (BP),,2010,86.2383515625
Europe (BP),,2011,96.4412265625
Europe (BP),,2012,109.45196875
Europe (BP),,2013,120.9338984375
Europe (BP),,2014,133.830453125
Europe (BP),,2015,147.49115625000002
Europe (BP),,2016,161.472203125
Europe (BP),,2017,177.076515625
Europe (BP),,2018,188.837640625
Europe (BP),,2019,203.839421875
Europe (BP),,2020,216.619515625
Europe (BP),,2021,232.56745312500001
Finland,FIN,1997,0.012
Finland,FIN,1998,0.018000000000000002
Finland,FIN,1999,0.039
Finland,FIN,2000,0.038
Finland,FIN,2001,0.039
Finland,FIN,2002,0.043000000000000003
Finland,FIN,2003,0.052000000000000005
Finland,FIN,2004,0.082
Finland,FIN,2005,0.082
Finland,FIN,2006,0.08600000000000001
Finland,FIN,2007,0.11
Finland,FIN,2008,0.14300000000000002
Finland,FIN,2009,0.147
Finland,FIN,2010,0.197
Finland,FIN,2011,0.199
Finland,FIN,2012,0.257
Finland,FIN,2013,0.447
Finland,FIN,2014,0.627
Finland,FIN,2015,1.0050000000000001
Finland,FIN,2016,1.565
Finland,FIN,2017,2.044
Finland,FIN,2018,2.041
Finland,FIN,2019,2.2840000000000003
Finland,FIN,2020,2.586
Finland,FIN,2021,3.257
France,FRA,1997,0.013000000000000001
France,FRA,1998,0.021
France,FRA,1999,0.025
France,FRA,2000,0.038
France,FRA,2001,0.066
France,FRA,2002,0.138
France,FRA,2003,0.218
France,FRA,2004,0.358
France,FRA,2005,0.6900000000000001
France,FRA,2006,1.412
France,FRA,2007,2.223
France,FRA,2008,3.403
France,FRA,2009,4.582
France,FRA,2010,5.912
France,FRA,2011,6.75801611328125
France,FRA,2012,7.60749609375
France,FRA,2013,8.1559609375
France,FRA,2014,9.2014248046875
France,FRA,2015,10.2981796875
France,FRA,2016,11.566564453125
France,FRA,2017,13.499357421875
France,FRA,2018,14.900146484375
France,FRA,2019,16.456853515625
France,FRA,2020,17.484001953125
France,FRA,2021,18.676001953125
Germany,DEU,1997,2.089
Germany,DEU,1998,2.8770000000000002
Germany,DEU,1999,4.4350000000000005
Germany,DEU,2000,6.095
Germany,DEU,2001,8.754
Germany,DEU,2002,12.001
Germany,DEU,2003,14.381
Germany,DEU,2004,16.419
Germany,DEU,2005,18.248
Germany,DEU,2006,20.474
Germany,DEU,2007,22.116
Germany,DEU,2008,22.794
Germany,DEU,2009,25.732
Germany,DEU,2010,26.903000000000002
Germany,DEU,2011,28.712
Germany,DEU,2012,30.979
Germany,DEU,2013,33.477000000000004
Germany,DEU,2014,38.614000000000004
Germany,DEU,2015,44.58
Germany,DEU,2016,49.435
Germany,DEU,2017,55.58
Germany,DEU,2018,58.721000000000004
Germany,DEU,2019,60.742000000000004
Germany,DEU,2020,62.188
Germany,DEU,2021,63.76
Greece,GRC,1997,0.029
Greece,GRC,1998,0.03809999847412109
Greece,GRC,1999,0.10580000305175781
Greece,GRC,2000,0.226
Greece,GRC,2001,0.27
Greece,GRC,2002,0.28700000000000003
Greece,GRC,2003,0.371
Greece,GRC,2004,0.47000000000000003
Greece,GRC,2005,0.491
Greece,GRC,2006,0.749
Greece,GRC,2007,0.846
Greece,GRC,2008,1.022
Greece,GRC,2009,1.171
Greece,GRC,2010,1.298
Greece,GRC,2011,1.6400000000000001
Greece,GRC,2012,1.7530000000000001
Greece,GRC,2013,1.809
Greece,GRC,2014,1.978
Greece,GRC,2015,2.091
Greece,GRC,2016,2.37
Greece,GRC,2017,2.624
Greece,GRC,2018,2.8774951171875
Greece,GRC,2019,3.589
Greece,GRC,2020,4.11925
Greece,GRC,2021,4.45725
High-income countries,,1997,6.4450751953125005
High-income countries,,1998,8.6221748046875
High-income countries,,1999,11.936554687500001
High-income countries,,2000,15.336264648437501
High-income countries,,2001,21.634203125
High-income countries,,2002,28.230021484375
High-income countries,,2003,35.14590625
High-income countries,,2004,42.39180078125
High-income countries,,2005,52.0814453125
High-income countries,,2006,63.402605468750004
High-income countries,,2007,77.706015625
High-income countries,,2008,94.4201328125
High-income countries,,2009,117.299265625
High-income countries,,2010,131.76678125
High-income countries,,2011,148.997359375
High-income countries,,2012,175.1225
High-income countries,,2013,188.446546875
High-income countries,,2014,207.45534375
High-income countries,,2015,231.17796875
High-income countries,,2016,254.54793750000002
High-income countries,,2017,277.13321875
High-income countries,,2018,296.60190625
High-income countries,,2019,321.7496875
High-income countries,,2020,351.42278125
High-income countries,,2021,381.21184375
India,IND,1997,0.9400000000000001
India,IND,1998,0.992
India,IND,1999,1.035
India,IND,2000,0.9410000000000001
India,IND,2001,1.563
India,IND,2002,1.606
India,IND,2003,2.461
India,IND,2004,3.813
India,IND,2005,4.43389990234375
India,IND,2006,6.315
India,IND,2007,7.8445200195312506
India,IND,2008,10.2425
India,IND,2009,10.925
India,IND,2010,13.184000000000001
India,IND,2011,16.179000000000002
India,IND,2012,17.29969921875
India,IND,2013,18.420400390625
India,IND,2014,22.46530078125
India,IND,2015,25.088189453125
India,IND,2016,28.700439453125
India,IND,2017,32.8484609375
India,IND,2018,35.2881015625
India,IND,2019,37.505179687500004
India,IND,2020,38.5586015625
India,IND,2021,40.067265625
Iran,IRN,1997,0.009000000000000001
Iran,IRN,1998,0.009000000000000001
Iran,IRN,1999,0.009000000000000001
Iran,IRN,2000,0.011
Iran,IRN,2001,0.011
Iran,IRN,2002,0.012
Iran,IRN,2003,0.016
Iran,IRN,2004,0.024899999618530275
Iran,IRN,2005,0.037
Iran,IRN,2006,0.047
Iran,IRN,2007,0.063
Iran,IRN,2008,0.063
Iran,IRN,2009,0.092
Iran,IRN,2010,0.095
Iran,IRN,2011,0.09820999908447266
Iran,IRN,2012,0.10612999725341797
Iran,IRN,2013,0.10762999725341797
Iran,IRN,2014,0.14877999877929687
Iran,IRN,2015,0.15344000244140626
Iran,IRN,2016,0.19094000244140624
Iran,IRN,2017,0.259
Iran,IRN,2018,0.28200000000000003
Iran,IRN,2019,0.3049200134277344
Iran,IRN,2020,0.30807998657226565
Iran,IRN,2021,0.31020001220703125
Ireland,IRL,1997,0.053
Ireland,IRL,1998,0.064
Ireland,IRL,1999,0.074
Ireland,IRL,2000,0.1165
Ireland,IRL,2001,0.1229000015258789
Ireland,IRL,2002,0.13480000305175782
Ireland,IRL,2003,0.2103000030517578
Ireland,IRL,2004,0.3363999938964844
Ireland,IRL,2005,0.49329998779296874
Ireland,IRL,2006,0.6765
Ireland,IRL,2007,0.7405
Ireland,IRL,2008,0.9422999877929688
Ireland,IRL,2009,1.251300048828125
Ireland,IRL,2010,1.3904000244140626
Ireland,IRL,2011,1.5845999755859375
Ireland,IRL,2012,1.7043499755859375
Ireland,IRL,2013,1.923300048828125
Ireland,IRL,2014,2.2832500000000002
Ireland,IRL,2015,2.45114990234375
Ireland,IRL,2016,2.80164990234375
Ireland,IRL,2017,3.31914990234375
Ireland,IRL,2018,3.67385009765625
Ireland,IRL,2019,4.1264501953125
Ireland,IRL,2020,4.3067001953125
Ireland,IRL,2021,4.3320498046875
Italy,ITA,1997,0.10300000000000001
Italy,ITA,1998,0.197
Italy,ITA,1999,0.277
Italy,ITA,2000,0.363
Italy,ITA,2001,0.664
Italy,ITA,2002,0.78
Italy,ITA,2003,0.874
Italy,ITA,2004,1.127
Italy,ITA,2005,1.635
Italy,ITA,2006,1.9020000000000001
Italy,ITA,2007,2.702
Italy,ITA,2008,3.525
Italy,ITA,2009,4.8790000000000004
Italy,ITA,2010,5.7940000000000005
Italy,ITA,2011,6.918
Italy,ITA,2012,8.102
Italy,ITA,2013,8.542
Italy,ITA,2014,8.683
Italy,ITA,2015,9.137
Italy,ITA,2016,9.384
Italy,ITA,2017,9.736578125
Italy,ITA,2018,10.23024609375
Italy,ITA,2019,10.6794599609375
Italy,ITA,2020,10.8706220703125
Italy,ITA,2021,11.275622070312501
Japan,JPN,1997,0.017
Japan,JPN,1998,0.03
Japan,JPN,1999,0.068
Japan,JPN,2000,0.084
Japan,JPN,2001,0.17500000000000002
Japan,JPN,2002,0.277
Japan,JPN,2003,0.508
Japan,JPN,2004,0.769
Japan,JPN,2005,1.227
Japan,JPN,2006,1.805
Japan,JPN,2007,1.5270000000000001
Japan,JPN,2008,1.756
Japan,JPN,2009,1.997
Japan,JPN,2010,2.294
Japan,JPN,2011,2.419
Japan,JPN,2012,2.562
Japan,JPN,2013,2.646
Japan,JPN,2014,2.753
Japan,JPN,2015,2.8080000000000003
Japan,JPN,2016,3.247
Japan,JPN,2017,3.483
Japan,JPN,2018,3.498
Japan,JPN,2019,3.951
Japan,JPN,2020,4.371
Japan,JPN,2021,4.471
Jordan,JOR,2000,0.001399999976158142
Jordan,JOR,2001,0.001399999976158142
Jordan,JOR,2002,0.001399999976158142
Jordan,JOR,2003,0.001399999976158142
Jordan,JOR,2004,0.001399999976158142
Jordan,JOR,2005,0.001399999976158142
Jordan,JOR,2006,0.001399999976158142
Jordan,JOR,2007,0.001399999976158142
Jordan,JOR,2008,0.001399999976158142
Jordan,JOR,2009,0.001399999976158142
Jordan,JOR,2010,0.001399999976158142
Jordan,JOR,2011,0.001399999976158142
Jordan,JOR,2012,0.001399999976158142
Jordan,JOR,2013,0.001399999976158142
Jordan,JOR,2014,0.001399999976158142
Jordan,JOR,2015,0.11840000152587891
Jordan,JOR,2016,0.19839999389648438
Jordan,JOR,2017,0.19839999389648438
Jordan,JOR,2018,0.2803999938964844
Jordan,JOR,2019,0.373
Jordan,JOR,2020,0.5180100097656251
Jordan,JOR,2021,0.621510009765625
Lower-middle-income countries,,1997,0.9550000000000001
Lower-middle-income countries,,1998,1.0110000000000001
Lower-middle-income countries,,1999,1.108
Lower-middle-income countries,,2000,1.0956500244140626
Lower-middle-income countries,,2001,1.7488800048828126
Lower-middle-income countries,,2002,1.8028800048828126
Lower-middle-income countries,,2003,2.67877001953125
Lower-middle-income countries,,2004,4.132669921875
Lower-middle-income countries,,2005,4.8038701171875005
Lower-middle-income countries,,2006,6.77997021484375
Lower-middle-income countries,,2007,8.4708896484375
Lower-middle-income countries,,2008,10.9558701171875
Lower-middle-income countries,,2009,11.8566904296875
Lower-middle-income countries,,2010,14.2356904296875
Lower-middle-income countries,,2011,17.325900390625
Lower-middle-income countries,,2012,18.725984375
Lower-middle-income countries,,2013,20.2790859375
Lower-middle-income countries,,2014,25.255435546875
Lower-middle-income countries,,2015,28.28278515625
Lower-middle-income countries,,2016,32.32693359375
Lower-middle-income countries,,2017,36.894515625000004
Lower-middle-income countries,,2018,40.403625
Lower-middle-income countries,,2019,43.348625
Lower-middle-income countries,,2020,44.9774375
Lower-middle-income countries,,2021,47.23651953125
Mexico,MEX,1997,0.002
Mexico,MEX,1998,0.002
Mexico,MEX,1999,0.002
Mexico,MEX,2000,0.017
Mexico,MEX,2001,0.017
Mexico,MEX,2002,0.018000000000000002
Mexico,MEX,2003,0.018000000000000002
Mexico,MEX,2004,0.018000000000000002
Mexico,MEX,2005,0.018000000000000002
Mexico,MEX,2006,0.101
Mexico,MEX,2007,0.101
Mexico,MEX,2008,0.101
Mexico,MEX,2009,0.425
Mexico,MEX,2010,0.519
Mexico,MEX,2011,0.601
Mexico,MEX,2012,1.815
Mexico,MEX,2013,2.122
Mexico,MEX,2014,2.569
Mexico,MEX,2015,3.271
Mexico,MEX,2016,4.051
Mexico,MEX,2017,4.1993720703125
Mexico,MEX,2018,4.8756347656250005
Mexico,MEX,2019,6.050259765625
Mexico,MEX,2020,6.50443310546875
Mexico,MEX,2021,7.69152978515625
Middle East (BP),,1997,0.009000000000000001
Middle East (BP),,1998,0.009000000000000001
Middle East (BP),,1999,0.009000000000000001
Middle East (BP),,2000,0.012399999618530274
Middle East (BP),,2001,0.012399999618530274
Middle East (BP),,2002,0.019399999618530273
Middle East (BP),,2003,0.023399999618530273
Middle East (BP),,2004,0.03290000152587891
Middle East (BP),,2005,0.045
Middle East (BP),,2006,0.055
Middle East (BP),,2007,0.07100000000000001
Middle East (BP),,2008,0.07167500305175781
Middle East (BP),,2009,0.10067500305175782
Middle East (BP),,2010,0.10368000030517578
Middle East (BP),,2011,0.10688999938964844
Middle East (BP),,2012,0.11530999755859375
Middle East (BP),,2013,0.12155999755859376
Middle East (BP),,2014,0.16455999755859374
Middle East (BP),,2015,0.2862200012207031
Middle East (BP),,2016,0.4232699890136719
Middle East (BP),,2017,0.5040799865722656
Middle East (BP),,2018,0.6090800170898437
Middle East (BP),,2019,0.7750999755859375
Middle East (BP),,2020,0.92327001953125
Middle East (BP),,2021,1.0288900146484374
Morocco,MAR,1997,0
Morocco,MAR,1998,0.002
Morocco,MAR,1999,0.02
Morocco,MAR,2000,0.054
Morocco,MAR,2001,0.054
Morocco,MAR,2002,0.054
Morocco,MAR,2003,0.054
Morocco,MAR,2004,0.054
Morocco,MAR,2005,0.054
Morocco,MAR,2006,0.054
Morocco,MAR,2007,0.114
Morocco,MAR,2008,0.114
Morocco,MAR,2009,0.221
Morocco,MAR,2010,0.221
Morocco,MAR,2011,0.255
Morocco,MAR,2012,0.255
Morocco,MAR,2013,0.495
Morocco,MAR,2014,0.797
Morocco,MAR,2015,0.797
Morocco,MAR,2016,0.897
Morocco,MAR,2017,1.0230000000000001
Morocco,MAR,2018,1.225
Morocco,MAR,2019,1.225
Morocco,MAR,2020,1.405
Morocco,MAR,2021,1.435
Netherlands,NLD,1997,0.329
Netherlands,NLD,1998,0.379
Netherlands,NLD,1999,0.433
Netherlands,NLD,2000,0.447
Netherlands,NLD,2001,0.486
Netherlands,NLD,2002,0.672
Netherlands,NLD,2003,0.905
Netherlands,NLD,2004,1.075
Netherlands,NLD,2005,1.224
Netherlands,NLD,2006,1.561
Netherlands,NLD,2007,1.749
Netherlands,NLD,2008,2.149
Netherlands,NLD,2009,2.222
Netherlands,NLD,2010,2.237
Netherlands,NLD,2011,2.316
Netherlands,NLD,2012,2.433
Netherlands,NLD,2013,2.713
Netherlands,NLD,2014,2.865
Netherlands,NLD,2015,3.391
Netherlands,NLD,2016,4.257
Netherlands,NLD,2017,4.202
Netherlands,NLD,2018,4.393
Netherlands,NLD,2019,4.484158203125
Netherlands,NLD,2020,6.61875
Netherlands,NLD,2021,7.801
New Zealand,NZL,1997,0.004074999809265137
New Zealand,NZL,1998,0.004074999809265137
New Zealand,NZL,1999,0.03575500106811524
New Zealand,NZL,2000,0.036000000000000004
New Zealand,NZL,2001,0.036000000000000004
New Zealand,NZL,2002,0.054
New Zealand,NZL,2003,0.07200000000000001
New Zealand,NZL,2004,0.166
New Zealand,NZL,2005,0.168
New Zealand,NZL,2006,0.169
New Zealand,NZL,2007,0.32
New Zealand,NZL,2008,0.322
New Zealand,NZL,2009,0.496
New Zealand,NZL,2010,0.524
New Zealand,NZL,2011,0.623
New Zealand,NZL,2012,0.623
New Zealand,NZL,2013,0.623
New Zealand,NZL,2014,0.682
New Zealand,NZL,2015,0.6890000000000001
New Zealand,NZL,2016,0.6890000000000001
New Zealand,NZL,2017,0.6890000000000001
New Zealand,NZL,2018,0.6890000000000001
New Zealand,NZL,2019,0.6890000000000001
New Zealand,NZL,2020,0.784
New Zealand,NZL,2021,0.917
North America,,1997,1.6620000000000001
North America,,1998,2.253
North America,,1999,2.608
North America,,2000,2.5285
North America,,2001,4.074300048828125
North America,,2002,4.6582998046875
North America,,2003,6.40860009765625
North America,,2004,6.98660009765625
North America,,2005,9.469599609375
North America,,2006,12.921599609375
North America,,2007,18.522000000000002
North America,,2008,27.154
North America,,2009,38.1185
North America,,2010,43.7365
North America,,2011,51.67030078125
North America,,2012,67.2346015625
North America,,2013,70.0396015625
North America,,2014,76.6881171875
North America,,2015,87.330125
North America,,2016,97.6751015625
North America,,2017,104.4241953125
North America,,2018,112.61540625
North America,,2019,123.92638281250001
North America,,2020,139.256609375
North America,,2021,155.126203125
North America (BP),,1997,1.639
North America (BP),,1998,2.226
North America (BP),,1999,2.573
North America (BP),,2000,2.486
North America (BP),,2001,4.0120000000000005
North America (BP),,2002,4.596
North America (BP),,2003,6.34
North America (BP),,2004,6.918
North America (BP),,2005,9.401
North America (BP),,2006,12.853
North America (BP),,2007,18.456
North America (BP),,2008,27.088599609375002
North America (BP),,2009,38.0036015625
North America (BP),,2010,43.621601562500004
North America (BP),,2011,51.5426015625
North America (BP),,2012,67.0916015625
North America (BP),,2013,69.8966015625
North America (BP),,2014,76.4950234375
North America (BP),,2015,87.0580234375
North America (BP),,2016,97.31
North America (BP),,2017,104.046375
North America (BP),,2018,112.2076875
North America (BP),,2019,123.5155078125
North America (BP),,2020,138.863140625
North America (BP),,2021,154.732734375
Norway,NOR,1997,0.005
Norway,NOR,1998,0.008
Norway,NOR,1999,0.013000000000000001
Norway,NOR,2000,0.013000000000000001
Norway,NOR,2001,0.013000000000000001
Norway,NOR,2002,0.097
Norway,NOR,2003,0.097
Norway,NOR,2004,0.152
Norway,NOR,2005,0.265
Norway,NOR,2006,0.28400000000000003
Norway,NOR,2007,0.34800000000000003
Norway,NOR,2008,0.395
Norway,NOR,2009,0.423
Norway,NOR,2010,0.425
Norway,NOR,2011,0.512
Norway,NOR,2012,0.705
Norway,NOR,2013,0.8180000000000001
Norway,NOR,2014,0.859
Norway,NOR,2015,0.867
Norway,NOR,2016,0.883
Norway,NOR,2017,1.207
Norway,NOR,2018,1.71
Norway,NOR,2019,2.914
Norway,NOR,2020,4.03
Norway,NOR,2021,4.65
Oceania,,1997,0.008074999809265137
Oceania,,1998,0.014074999809265137
Oceania,,1999,0.04575500106811523
Oceania,,2000,0.069
Oceania,,2001,0.112
Oceania,,2002,0.16
Oceania,,2003,0.262
Oceania,,2004,0.545
Oceania,,2005,0.908
Oceania,,2006,0.988
Oceania,,2007,1.569
Oceania,,2008,1.7630000000000001
Oceania,,2009,2.199
Oceania,,2010,2.388
Oceania,,2011,2.75
Oceania,,2012,3.184
Oceania,,2013,3.844
Oceania,,2014,4.479
Oceania,,2015,4.87
Oceania,,2016,5.013
Oceania,,2017,5.501
Oceania,,2018,6.131
Oceania,,2019,6.968
Oceania,,2020,9.387
Oceania,,2021,9.867599609375
Other Africa (BP),,1997,0
Other Africa (BP),,1998,0
Other Africa (BP),,1999,0
Other Africa (BP),,2000,0.0004000000059604645
Other Africa (BP),,2001,0.0004000000059604645
Other Africa (BP),,2002,0.0025
Other Africa (BP),,2003,0.0030799999237060547
Other Africa (BP),,2004,0.009600000381469726
Other Africa (BP),,2005,0.013670000076293945
Other Africa (BP),,2006,0.01639500045776367
Other Africa (BP),,2007,0.018590000152587893
Other Africa (BP),,2008,0.018590000152587893
Other Africa (BP),,2009,0.01931999969482422
Other Africa (BP),,2010,0.02494700050354004
Other Africa (BP),,2011,0.1211520004272461
Other Africa (BP),,2012,0.13444400024414063
Other Africa (BP),,2013,0.23483399963378906
Other Africa (BP),,2014,0.2453979949951172
Other Africa (BP),,2015,0.44926800537109374
Other Africa (BP),,2016,0.46141400146484374
Other Africa (BP),,2017,0.46726300048828123
Other Africa (BP),,2018,0.777552978515625
Other Africa (BP),,2019,0.8327529907226563
Other Africa (BP),,2020,0.9386530151367187
Other Africa (BP),,2021,1.0586529541015626
Other Asia Pacific (BP),,1997,0.004
Other Asia Pacific (BP),,1998,0.004
Other Asia Pacific (BP),,1999,0.006
Other Asia Pacific (BP),,2000,0.007010000228881836
Other Asia Pacific (BP),,2001,0.007557000160217285
Other Asia Pacific (BP),,2002,0.009756999969482422
Other Asia Pacific (BP),,2003,0.014425000190734864
Other Asia Pacific (BP),,2004,0.025930000305175782
Other Asia Pacific (BP),,2005,0.028569999694824218
Other Asia Pacific (BP),,2006,0.034972999572753904
Other Asia Pacific (BP),,2007,0.04984600067138672
Other Asia Pacific (BP),,2008,0.05714799880981446
Other Asia Pacific (BP),,2009,0.07064800262451172
Other Asia Pacific (BP),,2010,0.12305799865722657
Other Asia Pacific (BP),,2011,0.13392300415039063
Other Asia Pacific (BP),,2012,0.167156005859375
Other Asia Pacific (BP),,2013,0.24333599853515625
Other Asia Pacific (BP),,2014,0.2849259948730469
Other Asia Pacific (BP),,2015,0.38003799438476565
Other Asia Pacific (BP),,2016,0.4048380126953125
Other Asia Pacific (BP),,2017,0.5002659912109375
Other Asia Pacific (BP),,2018,0.7273419799804688
Other Asia Pacific (BP),,2019,0.8773369750976563
Other Asia Pacific (BP),,2020,1.0713310546875001
Other Asia Pacific (BP),,2021,4.7448251953125
Other CIS (BP),,2000,0.00025
Other CIS (BP),,2001,0.0006000000238418579
Other CIS (BP),,2002,0.001100000023841858
Other CIS (BP),,2003,0.001100000023841858
Other CIS (BP),,2004,0.001100000023841858
Other CIS (BP),,2005,0.001100000023841858
Other CIS (BP),,2006,0.001100000023841858
Other CIS (BP),,2007,0.001899999976158142
Other CIS (BP),,2008,0.001899999976158142
Other CIS (BP),,2009,0.0039000000953674317
Other CIS (BP),,2010,0.0039000000953674317
Other CIS (BP),,2011,0.004
Other CIS (BP),,2012,0.0085
Other CIS (BP),,2013,0.013699999809265137
Other CIS (BP),,2014,0.06451000213623047
Other CIS (BP),,2015,0.10175499725341797
Other CIS (BP),,2016,0.17586000061035156
Other CIS (BP),,2017,0.21285000610351562
Other CIS (BP),,2018,0.2802000122070313
Other CIS (BP),,2019,0.46254998779296874
Other CIS (BP),,2020,0.6650499877929688
Other CIS (BP),,2021,1.3500999755859375
Other Europe (BP),,1997,0.02
Other Europe (BP),,1998,0.022
Other Europe (BP),,1999,0.025
Other Europe (BP),,2000,0.021149999618530275
Other Europe (BP),,2001,0.02204999923706055
Other Europe (BP),,2002,0.049450000762939456
Other Europe (BP),,2003,0.0732300033569336
Other Europe (BP),,2004,0.10875499725341797
Other Europe (BP),,2005,0.15923500061035156
Other Europe (BP),,2006,0.23773500061035158
Other Europe (BP),,2007,0.3710350036621094
Other Europe (BP),,2008,0.52625
Other Europe (BP),,2009,0.7652650146484375
Other Europe (BP),,2010,1.03206201171875
Other Europe (BP),,2011,1.3251619873046876
Other Europe (BP),,2012,1.63306201171875
Other Europe (BP),,2013,1.7239539794921874
Other Europe (BP),,2014,1.9126920166015626
Other Europe (BP),,2015,2.192763916015625
Other Europe (BP),,2016,2.44181201171875
Other Europe (BP),,2017,2.7000090332031252
Other Europe (BP),,2018,3.00719091796875
Other Europe (BP),,2019,3.357455078125
Other Europe (BP),,2020,3.599485107421875
Other Europe (BP),,2021,4.042375
Other Middle East (BP),,1997,0
Other Middle East (BP),,1998,0
Other Middle East (BP),,1999,0
Other Middle East (BP),,2000,0
Other Middle East (BP),,2001,0
Other Middle East (BP),,2002,0.006
Other Middle East (BP),,2003,0.006
Other Middle East (BP),,2004,0.006599999904632568
Other Middle East (BP),,2005,0.006599999904632568
Other Middle East (BP),,2006,0.006599999904632568
Other Middle East (BP),,2007,0.006599999904632568
Other Middle East (BP),,2008,0.007275000095367432
Other Middle East (BP),,2009,0.007275000095367432
Other Middle East (BP),,2010,0.0072800002098083495
Other Middle East (BP),,2011,0.0072800002098083495
Other Middle East (BP),,2012,0.00778000020980835
Other Middle East (BP),,2013,0.012529999732971192
Other Middle East (BP),,2014,0.014380000114440919
Other Middle East (BP),,2015,0.014380000114440919
Other Middle East (BP),,2016,0.03393000030517578
Other Middle East (BP),,2017,0.04668000030517578
Other Middle East (BP),,2018,0.04668000030517578
Other Middle East (BP),,2019,0.09718000030517579
Other Middle East (BP),,2020,0.09718000030517579
Other Middle East (BP),,2021,0.09718000030517579
Other South and Central America (BP),,1997,0.006
Other South and Central America (BP),,1998,0.006
Other South and Central America (BP),,1999,0.007
Other South and Central America (BP),,2000,0.011746000289916993
Other South and Central America (BP),,2001,0.020746000289916994
Other South and Central America (BP),,2002,0.02404599952697754
Other South and Central America (BP),,2003,0.03214599990844726
Other South and Central America (BP),,2004,0.07394599914550781
Other South and Central America (BP),,2005,0.06564600372314454
Other South and Central America (BP),,2006,0.07596600341796875
Other South and Central America (BP),,2007,0.09185600280761719
Other South and Central America (BP),,2008,0.0931259994506836
Other South and Central America (BP),,2009,0.1630260009765625
Other South and Central America (BP),,2010,0.21024600219726564
Other South and Central America (BP),,2011,0.3501960144042969
Other South and Central America (BP),,2012,0.6384959716796875
Other South and Central America (BP),,2013,0.7897960205078125
Other South and Central America (BP),,2014,1.0117160034179689
Other South and Central America (BP),,2015,1.3858659667968751
Other South and Central America (BP),,2016,1.5593759765625
Other South and Central America (BP),,2017,1.6018759765625001
Other South and Central America (BP),,2018,1.813699951171875
Other South and Central America (BP),,2019,2.0460999755859377
Other South and Central America (BP),,2020,2.12456494140625
Other South and Central America (BP),,2021,2.25756494140625
Pakistan,PAK,1997,0
Pakistan,PAK,1998,0
Pakistan,PAK,1999,0
Pakistan,PAK,2000,0
Pakistan,PAK,2001,0
Pakistan,PAK,2002,0
Pakistan,PAK,2003,0
Pakistan,PAK,2004,0
Pakistan,PAK,2005,0
Pakistan,PAK,2006,0
Pakistan,PAK,2007,0
Pakistan,PAK,2008,0.006
Pakistan,PAK,2009,0.006
Pakistan,PAK,2010,0.006
Pakistan,PAK,2011,0.006
Pakistan,PAK,2012,0.056154998779296875
Pakistan,PAK,2013,0.10605500030517578
Pakistan,PAK,2014,0.20555499267578126
Pakistan,PAK,2015,0.3083550109863281
Pakistan,PAK,2016,0.590655029296875
Pakistan,PAK,2017,0.789155029296875
Pakistan,PAK,2018,1.18585498046875
Pakistan,PAK,2019,1.23585498046875
Pakistan,PAK,2020,1.23585498046875
Pakistan,PAK,2021,1.335155029296875
Philippines,PHL,1997,0
Philippines,PHL,1998,0
Philippines,PHL,1999,0
Philippines,PHL,2000,0
Philippines,PHL,2001,0
Philippines,PHL,2002,0
Philippines,PHL,2003,0
Philippines,PHL,2004,0
Philippines,PHL,2005,0.033
Philippines,PHL,2006,0.033
Philippines,PHL,2007,0.033
Philippines,PHL,2008,0.033
Philippines,PHL,2009,0.033
Philippines,PHL,2010,0.033
Philippines,PHL,2011,0.033
Philippines,PHL,2012,0.033
Philippines,PHL,2013,0.033
Philippines,PHL,2014,0.3368999938964844
Philippines,PHL,2015,0.42689999389648436
Philippines,PHL,2016,0.42689999389648436
Philippines,PHL,2017,0.42689999389648436
Philippines,PHL,2018,0.42689999389648436
Philippines,PHL,2019,0.4428999938964844
Philippines,PHL,2020,0.4428999938964844
Philippines,PHL,2021,0.4428999938964844
Poland,POL,1997,0.002
Poland,POL,1998,0.002
Poland,POL,1999,0.002
Poland,POL,2000,0.004
Poland,POL,2001,0.019
Poland,POL,2002,0.032
Poland,POL,2003,0.035
Poland,POL,2004,0.04
Poland,POL,2005,0.121
Poland,POL,2006,0.17200000000000001
Poland,POL,2007,0.306
Poland,POL,2008,0.526
Poland,POL,2009,0.709
Poland,POL,2010,1.108
Poland,POL,2011,1.8
Poland,POL,2012,2.564
Poland,POL,2013,3.4290000000000003
Poland,POL,2014,3.8360000000000003
Poland,POL,2015,4.886
Poland,POL,2016,5.747
Poland,POL,2017,5.75935693359375
Poland,POL,2018,5.766078125
Poland,POL,2019,5.8368232421875
Poland,POL,2020,6.29825
Poland,POL,2021,6.9582500000000005
Portugal,PRT,1997,0.039
Portugal,PRT,1998,0.051000000000000004
Portugal,PRT,1999,0.061
Portugal,PRT,2000,0.083
Portugal,PRT,2001,0.125
Portugal,PRT,2002,0.19
Portugal,PRT,2003,0.268
Portugal,PRT,2004,0.553
Portugal,PRT,2005,1.064
Portugal,PRT,2006,1.681
Portugal,PRT,2007,2.201
Portugal,PRT,2008,2.857
Portugal,PRT,2009,3.326
Portugal,PRT,2010,3.7960000000000003
Portugal,PRT,2011,4.2562148437500005
Portugal,PRT,2012,4.4115517578125
Portugal,PRT,2013,4.60994921875
Portugal,PRT,2014,4.85655615234375
Portugal,PRT,2015,4.936837890625
Portugal,PRT,2016,5.12410302734375
Portugal,PRT,2017,5.12410498046875
Portugal,PRT,2018,5.17235888671875
Portugal,PRT,2019,5.2227451171875
Portugal,PRT,2020,5.1222587890625
Portugal,PRT,2021,5.2482587890625005
Romania,ROU,1997,0
Romania,ROU,1998,0
Romania,ROU,1999,0
Romania,ROU,2000,0
Romania,ROU,2001,0
Romania,ROU,2002,0
Romania,ROU,2003,0
Romania,ROU,2004,0
Romania,ROU,2005,0.001
Romania,ROU,2006,0.001
Romania,ROU,2007,0.003
Romania,ROU,2008,0.005
Romania,ROU,2009,0.015
Romania,ROU,2010,0.389
Romania,ROU,2011,0.988
Romania,ROU,2012,1.822
Romania,ROU,2013,2.773
Romania,ROU,2014,3.244
Romania,ROU,2015,3.13
Romania,ROU,2016,3.025
Romania,ROU,2017,3.029798095703125
Romania,ROU,2018,3.032258056640625
Romania,ROU,2019,3.037514892578125
Romania,ROU,2020,3.012527099609375
Romania,ROU,2021,3.012527099609375
Russia,RUS,2000,0.003
Russia,RUS,2001,0.003
Russia,RUS,2002,0.007
Russia,RUS,2003,0.009000000000000001
Russia,RUS,2004,0.009000000000000001
Russia,RUS,2005,0.01
Russia,RUS,2006,0.01
Russia,RUS,2007,0.01
Russia,RUS,2008,0.01
Russia,RUS,2009,0.01
Russia,RUS,2010,0.01
Russia,RUS,2011,0.01
Russia,RUS,2012,0.01
Russia,RUS,2013,0.01
Russia,RUS,2014,0.01
Russia,RUS,2015,0.010899999618530274
Russia,RUS,2016,0.010899999618530274
Russia,RUS,2017,0.010899999618530274
Russia,RUS,2018,0.051900001525878904
Russia,RUS,2019,0.10190000152587891
Russia,RUS,2020,0.9452999877929688
Russia,RUS,2021,1.955
South Africa,ZAF,1997,0
South Africa,ZAF,1998,0
South Africa,ZAF,1999,0
South Africa,ZAF,2000,0
South Africa,ZAF,2001,0
South Africa,ZAF,2002,0.0031600000858306885
South Africa,ZAF,2003,0.0031600000858306885
South Africa,ZAF,2004,0.0031600000858306885
South Africa,ZAF,2005,0.0031600000858306885
South Africa,ZAF,2006,0.0031600000858306885
South Africa,ZAF,2007,0.0031600000858306885
South Africa,ZAF,2008,0.008359999656677245
South Africa,ZAF,2009,0.008359999656677245
South Africa,ZAF,2010,0.01015999984741211
South Africa,ZAF,2011,0.01015999984741211
South Africa,ZAF,2012,0.01015999984741211
South Africa,ZAF,2013,0.257
South Africa,ZAF,2014,0.5690000000000001
South Africa,ZAF,2015,1.079
South Africa,ZAF,2016,1.473
South Africa,ZAF,2017,2.094
South Africa,ZAF,2018,2.094
South Africa,ZAF,2019,2.094
South Africa,ZAF,2020,2.516
South Africa,ZAF,2021,2.9555000000000002
South America,,1997,0.013000000000000001
South America,,1998,0.033
South America,,1999,0.036000000000000004
South America,,2000,0.036262001037597656
South America,,2001,0.050979000091552734
South America,,2002,0.049948001861572264
South America,,2003,0.05187900161743164
South America,,2004,0.05397900009155274
South America,,2005,0.058979000091552734
South America,,2006,0.26697900390625
South America,,2007,0.29497900390625
South America,,2008,0.46042901611328124
South America,,2009,0.8234290161132812
South America,,2010,1.158428955078125
South America,,2011,1.7131839599609375
South America,,2012,2.285583984375
South America,,2013,2.752416015625
South America,,2014,6.32050830078125
South America,,2015,9.5869755859375
South America,,2016,12.5670537109375
South America,,2017,15.3466708984375
South America,,2018,18.628091796875
South America,,2019,20.181667968750002
South America,,2020,23.485080078125
South America,,2021,29.104255859375
South Korea,KOR,1997,0.001
South Korea,KOR,1998,0.001
South Korea,KOR,1999,0.005
South Korea,KOR,2000,0.007
South Korea,KOR,2001,0.011
South Korea,KOR,2002,0.013000000000000001
South Korea,KOR,2003,0.019
South Korea,KOR,2004,0.029
South Korea,KOR,2005,0.099
South Korea,KOR,2006,0.178
South Korea,KOR,2007,0.196
South Korea,KOR,2008,0.304
South Korea,KOR,2009,0.35100000000000003
South Korea,KOR,2010,0.382
South Korea,KOR,2011,0.425
South Korea,KOR,2012,0.464
South Korea,KOR,2013,0.5760000000000001
South Korea,KOR,2014,0.612
South Korea,KOR,2015,0.847
South Korea,KOR,2016,1.067
South Korea,KOR,2017,1.215
South Korea,KOR,2018,1.42
South Korea,KOR,2019,1.494
South Korea,KOR,2020,1.635802001953125
South Korea,KOR,2021,1.70804296875
South and Central America (BP),,1997,0.042
South and Central America (BP),,1998,0.066
South and Central America (BP),,1999,0.078
South and Central America (BP),,2000,0.09050800323486329
South and Central America (BP),,2001,0.13402499389648437
South and Central America (BP),,2002,0.13629400634765626
South and Central America (BP),,2003,0.152625
South and Central America (BP),,2004,0.19652499389648437
South and Central America (BP),,2005,0.19322500610351562
South and Central America (BP),,2006,0.41154501342773436
South and Central America (BP),,2007,0.45283499145507816
South and Central America (BP),,2008,0.6195549926757813
South and Central America (BP),,2009,1.1019549560546875
South and Central America (BP),,2010,1.4841750488281251
South and Central America (BP),,2011,2.1916799316406252
South and Central America (BP),,2012,3.067679931640625
South and Central America (BP),,2013,3.6858120117187503
South and Central America (BP),,2014,7.52532421875
South and Central America (BP),,2015,11.24494140625
South and Central America (BP),,2016,14.491529296875001
South and Central America (BP),,2017,17.326365234375
South and Central America (BP),,2018,20.8495625
South and Central America (BP),,2019,22.6386875
South and Central America (BP),,2020,26.0031640625
South and Central America (BP),,2021,31.755341796875
Spain,ESP,1997,0.512
Spain,ESP,1998,0.723
Spain,ESP,1999,1.408
Spain,ESP,2000,2.206
Spain,ESP,2001,3.3970000000000002
Spain,ESP,2002,4.891
Spain,ESP,2003,5.945
Spain,ESP,2004,8.317
Spain,ESP,2005,9.918000000000001
Spain,ESP,2006,11.722
Spain,ESP,2007,14.82
Spain,ESP,2008,16.555
Spain,ESP,2009,19.176000000000002
Spain,ESP,2010,20.693
Spain,ESP,2011,21.529
Spain,ESP,2012,22.789
Spain,ESP,2013,22.958000000000002
Spain,ESP,2014,22.925
Spain,ESP,2015,22.943
Spain,ESP,2016,22.990000000000002
Spain,ESP,2017,23.124478515625
Spain,ESP,2018,23.4050546875
Spain,ESP,2019,25.590076171875
Spain,ESP,2020,26.819189453125002
Spain,ESP,2021,27.497189453125
Sweden,SWE,1997,0.122
Sweden,SWE,1998,0.176
Sweden,SWE,1999,0.22
Sweden,SWE,2000,0.209
Sweden,SWE,2001,0.295
Sweden,SWE,2002,0.357
Sweden,SWE,2003,0.417
Sweden,SWE,2004,0.47500000000000003
Sweden,SWE,2005,0.522
Sweden,SWE,2006,0.585
Sweden,SWE,2007,0.8230000000000001
Sweden,SWE,2008,1.089
Sweden,SWE,2009,1.475
Sweden,SWE,2010,2.017
Sweden,SWE,2011,2.7640000000000002
Sweden,SWE,2012,3.606
Sweden,SWE,2013,4.194
Sweden,SWE,2014,5.088
Sweden,SWE,2015,5.819
Sweden,SWE,2016,6.4350000000000005
Sweden,SWE,2017,6.611
Sweden,SWE,2018,7.3
Sweden,SWE,2019,8.681000000000001
Sweden,SWE,2020,9.976
Sweden,SWE,2021,12.08
Taiwan,TWN,1997,0.001
Taiwan,TWN,1998,0.001
Taiwan,TWN,1999,0.001
Taiwan,TWN,2000,0.0025999999046325685
Taiwan,TWN,2001,0.005
Taiwan,TWN,2002,0.008539999961853027
Taiwan,TWN,2003,0.008539999961853027
Taiwan,TWN,2004,0.008539999961853027
Taiwan,TWN,2005,0.023940000534057617
Taiwan,TWN,2006,0.10198999786376953
Taiwan,TWN,2007,0.18599000549316408
Taiwan,TWN,2008,0.25038999938964845
Taiwan,TWN,2009,0.3742900085449219
Taiwan,TWN,2010,0.4758900146484375
Taiwan,TWN,2011,0.5226900024414063
Taiwan,TWN,2012,0.570989990234375
Taiwan,TWN,2013,0.6141900024414063
Taiwan,TWN,2014,0.6371900024414062
Taiwan,TWN,2015,0.6466900024414063
Taiwan,TWN,2016,0.6820900268554687
Taiwan,TWN,2017,0.6923900146484375
Taiwan,TWN,2018,0.7131510009765625
Taiwan,TWN,2019,0.8451589965820313
Taiwan,TWN,2020,0.9371149902343751
Taiwan,TWN,2021,1.0333680419921876
Thailand,THA,1997,0
Thailand,THA,1998,0
Thailand,THA,1999,0
Thailand,THA,2000,0
Thailand,THA,2001,0
Thailand,THA,2002,0
Thailand,THA,2003,0
Thailand,THA,2004,0
Thailand,THA,2005,0
Thailand,THA,2006,0.0003400000035762787
Thailand,THA,2007,0.0009399999976158142
Thailand,THA,2008,0.0010800000429153443
Thailand,THA,2009,0.0050999999046325685
Thailand,THA,2010,0.005599999904632568
Thailand,THA,2011,0.007300000190734864
Thailand,THA,2012,0.11169999694824219
Thailand,THA,2013,0.2226999969482422
Thailand,THA,2014,0.2245
Thailand,THA,2015,0.2338999938964844
Thailand,THA,2016,0.5070400085449219
Thailand,THA,2017,0.6278200073242187
Thailand,THA,2018,1.1028199462890624
Thailand,THA,2019,1.5068199462890626
Thailand,THA,2020,1.5068199462890626
Thailand,THA,2021,1.5068199462890626
Tunisia,TUN,1997,0
Tunisia,TUN,1998,0.002
Tunisia,TUN,1999,0.008
Tunisia,TUN,2000,0.010649999618530274
Tunisia,TUN,2001,0.010649999618530274
Tunisia,TUN,2002,0.010649999618530274
Tunisia,TUN,2003,0.0193700008392334
Tunisia,TUN,2004,0.0193700008392334
Tunisia,TUN,2005,0.0193700008392334
Tunisia,TUN,2006,0.0193700008392334
Tunisia,TUN,2007,0.0193700008392334
Tunisia,TUN,2008,0.0193700008392334
Tunisia,TUN,2009,0.053689998626708986
Tunisia,TUN,2010,0.053689998626708986
Tunisia,TUN,2011,0.053689998626708986
Tunisia,TUN,2012,0.17300000000000001
Tunisia,TUN,2013,0.2
Tunisia,TUN,2014,0.233
Tunisia,TUN,2015,0.24
Tunisia,TUN,2016,0.24
Tunisia,TUN,2017,0.24
Tunisia,TUN,2018,0.245
Tunisia,TUN,2019,0.245
Tunisia,TUN,2020,0.245
Tunisia,TUN,2021,0.245
Turkey,TUR,1997,0.009000000000000001
Turkey,TUR,1998,0.009000000000000001
Turkey,TUR,1999,0.009000000000000001
Turkey,TUR,2000,0.019
Turkey,TUR,2001,0.019
Turkey,TUR,2002,0.019
Turkey,TUR,2003,0.019
Turkey,TUR,2004,0.019
Turkey,TUR,2005,0.021
Turkey,TUR,2006,0.059000000000000004
Turkey,TUR,2007,0.146
Turkey,TUR,2008,0.364
Turkey,TUR,2009,0.792
Turkey,TUR,2010,1.32
Turkey,TUR,2011,1.729
Turkey,TUR,2012,2.261
Turkey,TUR,2013,2.7600000000000002
Turkey,TUR,2014,3.63
Turkey,TUR,2015,4.503
Turkey,TUR,2016,5.751
Turkey,TUR,2017,6.51614990234375
Turkey,TUR,2018,7.00538623046875
Turkey,TUR,2019,7.59115576171875
Turkey,TUR,2020,8.8323564453125
Turkey,TUR,2021,10.606956054687501
Ukraine,UKR,2000,0.005
Ukraine,UKR,2001,0.03622999954223633
Ukraine,UKR,2002,0.046229999542236326
Ukraine,UKR,2003,0.054400001525878906
Ukraine,UKR,2004,0.07140000152587891
Ukraine,UKR,2005,0.07659999847412109
Ukraine,UKR,2006,0.07659999847412109
Ukraine,UKR,2007,0.082
Ukraine,UKR,2008,0.083
Ukraine,UKR,2009,0.08600000000000001
Ukraine,UKR,2010,0.088
Ukraine,UKR,2011,0.146
Ukraine,UKR,2012,0.248
Ukraine,UKR,2013,0.362
Ukraine,UKR,2014,0.5139000244140625
Ukraine,UKR,2015,0.5139000244140625
Ukraine,UKR,2016,0.526
Ukraine,UKR,2017,0.553
Ukraine,UKR,2018,0.62077001953125
Ukraine,UKR,2019,1.25777001953125
Ukraine,UKR,2020,1.4020000000000001
Ukraine,UKR,2021,1.7610000000000001
United Kingdom,GBR,1997,0.328
United Kingdom,GBR,1998,0.338
United Kingdom,GBR,1999,0.362
United Kingdom,GBR,2000,0.41200000000000003
United Kingdom,GBR,2001,0.493
United Kingdom,GBR,2002,0.534
United Kingdom,GBR,2003,0.742
United Kingdom,GBR,2004,0.933
United Kingdom,GBR,2005,1.565
United Kingdom,GBR,2006,1.955
United Kingdom,GBR,2007,2.477
United Kingdom,GBR,2008,3.446
United Kingdom,GBR,2009,4.422
United Kingdom,GBR,2010,5.42123193359375
United Kingdom,GBR,2011,6.5962851562500004
United Kingdom,GBR,2012,9.030419921875
United Kingdom,GBR,2013,11.2822724609375
United Kingdom,GBR,2014,13.073953125000001
United Kingdom,GBR,2015,14.305633789062501
United Kingdom,GBR,2016,16.125934570312502
United Kingdom,GBR,2017,19.584998046875
United Kingdom,GBR,2018,21.767220703125002
United Kingdom,GBR,2019,24.095380859375002
United Kingdom,GBR,2020,24.484990234375
United Kingdom,GBR,2021,27.129990234375
United States,USA,1997,1.611
United States,USA,1998,2.141
United States,USA,1999,2.445
United States,USA,2000,2.3770000000000002
United States,USA,2001,3.864
United States,USA,2002,4.417
United States,USA,2003,5.995
United States,USA,2004,6.456
United States,USA,2005,8.706
United States,USA,2006,11.329
United States,USA,2007,16.515
United States,USA,2008,24.651
United States,USA,2009,34.296
United States,USA,2010,39.135
United States,USA,2011,45.676
United States,USA,2012,59.075
United States,USA,2013,59.973
United States,USA,2014,64.23201953125
United States,USA,2015,72.5730234375
United States,USA,2016,81.286
United States,USA,2017,87.59700000000001
United States,USA,2018,94.516
United States,USA,2019,104.052203125
United States,USA,2020,118.731703125
United States,USA,2021,132.73759375
Upper-middle-income countries,,1997,0.193
Upper-middle-income countries,,1998,0.271
Upper-middle-income countries,,1999,0.34400000000000003
Upper-middle-income countries,,2000,0.46001199340820315
Upper-middle-income countries,,2001,0.5345289916992187
Upper-middle-income countries,,2002,0.6076580200195313
Upper-middle-income countries,,2003,0.7158889770507812
Upper-middle-income countries,,2004,0.934989013671875
Upper-middle-income countries,,2005,1.247989013671875
Upper-middle-income countries,,2006,2.6063291015625
Upper-middle-income countries,,2007,4.8363291015625
Upper-middle-income countries,,2008,9.484396484375
Upper-middle-income countries,,2009,19.934597656250002
Upper-middle-income countries,,2010,33.44696875
Upper-middle-income countries,,2011,51.85633984375
Upper-middle-income countries,,2012,70.4797109375
Upper-middle-income countries,,2013,88.0952265625
Upper-middle-income countries,,2014,113.062375
Upper-middle-income countries,,2015,152.18525
Upper-middle-income countries,,2016,174.913921875
Upper-middle-income countries,,2017,194.65815625
Upper-middle-income countries,,2018,219.80740625
Upper-middle-income countries,,2019,248.498328125
Upper-middle-income countries,,2020,326.86665625
Upper-middle-income countries,,2021,382.875
Uruguay,URY,1997,0
Uruguay,URY,1998,0
Uruguay,URY,1999,0
Uruguay,URY,2000,0.00015000000596046448
Uruguay,URY,2001,0.00015000000596046448
Uruguay,URY,2002,0.00015000000596046448
Uruguay,URY,2003,0.00015000000596046448
Uruguay,URY,2004,0.00015000000596046448
Uruguay,URY,2005,0.00015000000596046448
Uruguay,URY,2006,0.00015000000596046448
Uruguay,URY,2007,0.00015000000596046448
Uruguay,URY,2008,0.014600000381469727
Uruguay,URY,2009,0.030600000381469726
Uruguay,URY,2010,0.040599998474121095
Uruguay,URY,2011,0.04360499954223633
Uruguay,URY,2012,0.05260499954223633
Uruguay,URY,2013,0.05941699981689453
Uruguay,URY,2014,0.48126800537109377
Uruguay,URY,2015,0.8567559814453125
Uruguay,URY,2016,1.2114560546875
Uruguay,URY,2017,1.510656005859375
Uruguay,URY,2018,1.510656005859375
Uruguay,URY,2019,1.51385595703125
Uruguay,URY,2020,1.51385595703125
Uruguay,URY,2021,1.51385595703125
World,OWID_WRL,1995,4.7780000000000005
World,OWID_WRL,1996,6.07
World,OWID_WRL,1997,7.6230751953125
World,OWID_WRL,1998,9.9361748046875
World,OWID_WRL,1999,13.4265546875
World,OWID_WRL,2000,16.932482421875
World,OWID_WRL,2001,23.96896484375
World,OWID_WRL,2002,30.733412109375
World,OWID_WRL,2003,38.670546875
World,OWID_WRL,2004,47.685390625000004
World,OWID_WRL,2005,58.408125
World,OWID_WRL,2006,73.161671875
World,OWID_WRL,2007,91.5530625
World,OWID_WRL,2008,115.5652890625
World,OWID_WRL,2009,150.120578125
World,OWID_WRL,2010,180.85153125
World,OWID_WRL,2011,220.12190625
World,OWID_WRL,2012,266.91825
World,OWID_WRL,2013,299.839625
World,OWID_WRL,2014,349.30678125000003
World,OWID_WRL,2015,416.17006250000003
World,OWID_WRL,2016,466.86603125
World,OWID_WRL,2017,514.2148125
World,OWID_WRL,2018,563.4656875000001
World,OWID_WRL,2019,621.2700625
World,OWID_WRL,2020,731.7631875000001
World,OWID_WRL,2021,824.8740625