Entity,Code,Year,Solar Capacity
Africa,,1996,0.001112425208091736
Africa,,1997,0.0031372756958007813
Africa,,1998,0.0051621260643005375
Africa,,1999,0.00819940185546875
Africa,,2000,0.010927000045776368
Africa,,2001,0.013028999328613282
Africa,,2002,0.015243000030517578
Africa,,2003,0.018018999099731446
Africa,,2004,0.02199600028991699
Africa,,2005,0.025965000152587892
Africa,,2006,0.034268001556396484
Africa,,2007,0.046656002044677736
Africa,,2008,0.06337299728393554
Africa,,2009,0.10684500122070313
Africa,,2010,0.19384199523925782
Africa,,2011,0.26638800048828126
Africa,,2012,0.3459539794921875
Africa,,2013,0.6669730224609375
Africa,,2014,1.5731199951171875
Africa,,2015,1.930760986328125
Africa,,2016,2.9884169921875
Africa,,2017,4.71106298828125
Africa,,2018,7.21026806640625
Africa,,2019,8.4153193359375
Africa,,2020,9.703859375
Africa,,2021,10.3022607421875
Africa (BP),,1996,0.001012425184249878
Africa (BP),,1997,0.0030372755527496337
Africa (BP),,1998,0.005062126159667969
Africa (BP),,1999,0.008099401473999023
Africa (BP),,2000,0.010927000045776368
Africa (BP),,2001,0.013029000282287598
Africa (BP),,2002,0.015243000030517578
Africa (BP),,2003,0.018018999099731446
Africa (BP),,2004,0.02199600028991699
Africa (BP),,2005,0.025965000152587892
Africa (BP),,2006,0.034268001556396484
Africa (BP),,2007,0.04665599822998047
Africa (BP),,2008,0.06337300109863281
Africa (BP),,2009,0.10684500122070313
Africa (BP),,2010,0.19384199523925782
Africa (BP),,2011,0.26638800048828126
Africa (BP),,2012,0.3459540100097656
Africa (BP),,2013,0.6669730224609375
Africa (BP),,2014,1.5731199951171875
Africa (BP),,2015,1.930760986328125
Africa (BP),,2016,2.9884169921875
Africa (BP),,2017,4.71106298828125
Africa (BP),,2018,7.21026806640625
Africa (BP),,2019,8.4153193359375
Africa (BP),,2020,9.703859375
Africa (BP),,2021,10.302259765625001
Algeria,DZA,1996,0
Algeria,DZA,1997,0
Algeria,DZA,1998,0
Algeria,DZA,1999,0
Algeria,DZA,2000,0
Algeria,DZA,2001,0
Algeria,DZA,2002,0
Algeria,DZA,2003,0
Algeria,DZA,2004,0
Algeria,DZA,2005,0
Algeria,DZA,2006,0
Algeria,DZA,2007,0
Algeria,DZA,2008,0
Algeria,DZA,2009,0
Algeria,DZA,2010,0
Algeria,DZA,2011,0
Algeria,DZA,2012,0
Algeria,DZA,2013,0
Algeria,DZA,2014,0.001100000023841858
Algeria,DZA,2015,0.049099998474121095
Algeria,DZA,2016,0.21910000610351563
Algeria,DZA,2017,0.4
Algeria,DZA,2018,0.423
Algeria,DZA,2019,0.423
Algeria,DZA,2020,0.423
Algeria,DZA,2021,0.423
Argentina,ARG,1996,0
Argentina,ARG,1997,0
Argentina,ARG,1998,0
Argentina,ARG,1999,0
Argentina,ARG,2000,0.000025000000372529032
Argentina,ARG,2001,0.000026000000536441803
Argentina,ARG,2002,0.000026000000536441803
Argentina,ARG,2003,0.000026000000536441803
Argentina,ARG,2004,0.000026000000536441803
Argentina,ARG,2005,0.000026000000536441803
Argentina,ARG,2006,0.000026000000536441803
Argentina,ARG,2007,0.000026000000536441803
Argentina,ARG,2008,0.000026000000536441803
Argentina,ARG,2009,0.000026000000536441803
Argentina,ARG,2010,0.000026000000536441803
Argentina,ARG,2011,0.0012519999742507935
Argentina,ARG,2012,0.006251999855041504
Argentina,ARG,2013,0.008256999969482422
Argentina,ARG,2014,0.008251999855041504
Argentina,ARG,2015,0.008618000030517579
Argentina,ARG,2016,0.008805999755859375
Argentina,ARG,2017,0.008805999755859375
Argentina,ARG,2018,0.19123599243164063
Argentina,ARG,2019,0.44211099243164065
Argentina,ARG,2020,0.764135009765625
Argentina,ARG,2021,1.0713659667968751
Asia,,1996,0.061
Asia,,1997,0.09380000305175781
Asia,,1998,0.13930000305175783
Asia,,1999,0.22139999389648438
Asia,,2000,0.3711199951171875
Asia,,2001,0.5062300109863281
Asia,,2002,0.7121510009765625
Asia,,2003,0.9508200073242188
Asia,,2004,1.2410059814453125
Asia,,2005,1.610634033203125
Asia,,2006,1.9724849853515625
Asia,,2007,2.29897607421875
Asia,,2008,2.878010986328125
Asia,,2009,3.7645859375
Asia,,2010,5.62926416015625
Asia,,2011,9.8840498046875
Asia,,2012,16.545689453125
Asia,,2013,36.57715234375
Asia,,2014,61.17058203125
Asia,,2015,91.5886171875
Asia,,2016,142.653515625
Asia,,2017,217.310875
Asia,,2018,284.5324375
Asia,,2019,344.22015625
Asia,,2020,423.6035625
Asia,,2021,501.57628125
Asia Pacific (BP),,1996,0.077
Asia Pacific (BP),,1997,0.1125
Asia Pacific (BP),,1998,0.162
Asia Pacific (BP),,1999,0.246
Asia Pacific (BP),,2000,0.3956549987792969
Asia Pacific (BP),,2001,0.5345599975585937
Asia Pacific (BP),,2002,0.7451810302734375
Asia Pacific (BP),,2003,0.9884500122070313
Asia Pacific (BP),,2004,1.28510595703125
Asia Pacific (BP),,2005,1.6591710205078125
Asia Pacific (BP),,2006,2.0291639404296875
Asia Pacific (BP),,2007,2.363006103515625
Asia Pacific (BP),,2008,2.951403076171875
Asia Pacific (BP),,2009,4.0524750976562505
Asia Pacific (BP),,2010,6.625173828125
Asia Pacific (BP),,2011,12.1367724609375
Asia Pacific (BP),,2012,20.02383203125
Asia Pacific (BP),,2013,40.644078125
Asia Pacific (BP),,2014,65.618234375
Asia Pacific (BP),,2015,96.1571640625
Asia Pacific (BP),,2016,146.79978125
Asia Pacific (BP),,2017,218.84446875
Asia Pacific (BP),,2018,284.15684375
Asia Pacific (BP),,2019,344.116625
Asia Pacific (BP),,2020,425.32715625000003
Asia Pacific (BP),,2021,501.6153125
Australia,AUS,1996,0.016
Australia,AUS,1997,0.019
Australia,AUS,1998,0.023
Australia,AUS,1999,0.025
Australia,AUS,2000,0.025
Australia,AUS,2001,0.029
Australia,AUS,2002,0.034
Australia,AUS,2003,0.039
Australia,AUS,2004,0.046
Australia,AUS,2005,0.052000000000000005
Australia,AUS,2006,0.061
Australia,AUS,2007,0.07
Australia,AUS,2008,0.082
Australia,AUS,2009,0.329
Australia,AUS,2010,1.088
Australia,AUS,2011,2.47
Australia,AUS,2012,3.7960000000000003
Australia,AUS,2013,4.565
Australia,AUS,2014,5.284
Australia,AUS,2015,5.9430000000000005
Australia,AUS,2016,6.686
Australia,AUS,2017,7.352
Australia,AUS,2018,8.623
Australia,AUS,2019,12.967
Australia,AUS,2020,17.342
Australia,AUS,2021,19.074
Austria,AUT,1996,0.0017000000476837158
Austria,AUT,1997,0.002200000047683716
Austria,AUT,1998,0.0029000000953674316
Austria,AUT,1999,0.003700000047683716
Austria,AUT,2000,0.005
Austria,AUT,2001,0.007
Austria,AUT,2002,0.009000000000000001
Austria,AUT,2003,0.023
Austria,AUT,2004,0.027
Austria,AUT,2005,0.021017999649047853
Austria,AUT,2006,0.022386999130249025
Austria,AUT,2007,0.02423800086975098
Austria,AUT,2008,0.0301200008392334
Austria,AUT,2009,0.04891500091552734
Austria,AUT,2010,0.08881300354003907
Austria,AUT,2011,0.17407000732421876
Austria,AUT,2012,0.3374830017089844
Austria,AUT,2013,0.6259739990234375
Austria,AUT,2014,0.7852459716796876
Austria,AUT,2015,0.9370980224609375
Austria,AUT,2016,1.0960159912109375
Austria,AUT,2017,1.268970947265625
Austria,AUT,2018,1.4551319580078126
Austria,AUT,2019,1.702093017578125
Austria,AUT,2020,2.0429339599609375
Austria,AUT,2021,2.69193408203125
Belgium,BEL,1996,0
Belgium,BEL,1997,0
Belgium,BEL,1998,0
Belgium,BEL,1999,0
Belgium,BEL,2000,0
Belgium,BEL,2001,0
Belgium,BEL,2002,0.001
Belgium,BEL,2003,0.001
Belgium,BEL,2004,0.001
Belgium,BEL,2005,0.002
Belgium,BEL,2006,0.002
Belgium,BEL,2007,0.02
Belgium,BEL,2008,0.062
Belgium,BEL,2009,0.386
Belgium,BEL,2010,1.0065999755859376
Belgium,BEL,2011,1.9785999755859376
Belgium,BEL,2012,2.64660009765625
Belgium,BEL,2013,2.90160009765625
Belgium,BEL,2014,3.015
Belgium,BEL,2015,3.13160009765625
Belgium,BEL,2016,3.328800048828125
Belgium,BEL,2017,3.6206000976562502
Belgium,BEL,2018,4
Belgium,BEL,2019,4.63660009765625
Belgium,BEL,2020,5.5747998046875
Belgium,BEL,2021,6.58460009765625
Brazil,BRA,1996,0
Brazil,BRA,1997,0
Brazil,BRA,1998,0
Brazil,BRA,1999,0
Brazil,BRA,2000,0
Brazil,BRA,2001,0.000035999998450279234
Brazil,BRA,2002,0.000035999998450279234
Brazil,BRA,2003,0.0007160000205039979
Brazil,BRA,2004,0.0007179999947547913
Brazil,BRA,2005,0.0007179999947547913
Brazil,BRA,2006,0.0007179999947547913
Brazil,BRA,2007,0.0007179999947547913
Brazil,BRA,2008,0.0007639999985694885
Brazil,BRA,2009,0.0008140000104904175
Brazil,BRA,2010,0.0008539999723434448
Brazil,BRA,2011,0.006097000122070313
Brazil,BRA,2012,0.006607999801635742
Brazil,BRA,2013,0.012527999877929687
Brazil,BRA,2014,0.02069700050354004
Brazil,BRA,2015,0.04556700134277344
Brazil,BRA,2016,0.12778900146484376
Brazil,BRA,2017,1.2067869873046875
Brazil,BRA,2018,2.43502197265625
Brazil,BRA,2019,4.61319091796875
Brazil,BRA,2020,7.8791572265625005
Brazil,BRA,2021,13.05492578125
Bulgaria,BGR,1996,0
Bulgaria,BGR,1997,0
Bulgaria,BGR,1998,0
Bulgaria,BGR,1999,0
Bulgaria,BGR,2000,0
Bulgaria,BGR,2001,0
Bulgaria,BGR,2002,0
Bulgaria,BGR,2003,0
Bulgaria,BGR,2004,0
Bulgaria,BGR,2005,0
Bulgaria,BGR,2006,0
Bulgaria,BGR,2007,0.000029999999329447747
Bulgaria,BGR,2008,0.00010000000149011613
Bulgaria,BGR,2009,0.002
Bulgaria,BGR,2010,0.025
Bulgaria,BGR,2011,0.154
Bulgaria,BGR,2012,1.0130000000000001
Bulgaria,BGR,2013,1.02
Bulgaria,BGR,2014,1.026
Bulgaria,BGR,2015,1.029
Bulgaria,BGR,2016,1.028
Bulgaria,BGR,2017,1.0355699462890626
Bulgaria,BGR,2018,1.032678955078125
Bulgaria,BGR,2019,1.047949951171875
Bulgaria,BGR,2020,1.0973570556640626
Bulgaria,BGR,2021,1.1863570556640626
CIS (BP),,1996,0
CIS (BP),,1997,0
CIS (BP),,1998,0
CIS (BP),,1999,0
CIS (BP),,2000,0
CIS (BP),,2001,0
CIS (BP),,2002,0
CIS (BP),,2003,0
CIS (BP),,2004,0
CIS (BP),,2005,0.00006300000101327897
CIS (BP),,2006,0.00007900000363588334
CIS (BP),,2007,0.0006970000267028808
CIS (BP),,2008,0.00048500001430511474
CIS (BP),,2009,0.0002980000078678131
CIS (BP),,2010,0.0015770000219345094
CIS (BP),,2011,0.0020179998874664306
CIS (BP),,2012,0.0035290000438690187
CIS (BP),,2013,0.019020999908447266
CIS (BP),,2014,0.08882499694824218
CIS (BP),,2015,0.216822998046875
CIS (BP),,2016,0.30753900146484375
CIS (BP),,2017,0.5123759765625
CIS (BP),,2018,1.217780029296875
CIS (BP),,2019,2.618919921875
CIS (BP),,2020,3.3483200683593752
CIS (BP),,2021,4.91138623046875
Canada,CAN,1996,0.003
Canada,CAN,1997,0.003
Canada,CAN,1998,0.005
Canada,CAN,1999,0.006
Canada,CAN,2000,0.007
Canada,CAN,2001,0.009000000000000001
Canada,CAN,2002,0.01
Canada,CAN,2003,0.012
Canada,CAN,2004,0.014
Canada,CAN,2005,0.018000000000000002
Canada,CAN,2006,0.022
Canada,CAN,2007,0.029
Canada,CAN,2008,0.038
Canada,CAN,2009,0.107
Canada,CAN,2010,0.249
Canada,CAN,2011,0.628
Canada,CAN,2012,0.766
Canada,CAN,2013,1.21
Canada,CAN,2014,1.843
Canada,CAN,2015,2.519
Canada,CAN,2016,2.665
Canada,CAN,2017,2.932
Canada,CAN,2018,3.095
Canada,CAN,2019,3.327
Canada,CAN,2020,3.342
Canada,CAN,2021,3.62960009765625
Chile,CHL,1996,0
Chile,CHL,1997,0
Chile,CHL,1998,0
Chile,CHL,1999,0
Chile,CHL,2000,0
Chile,CHL,2001,0
Chile,CHL,2002,0
Chile,CHL,2003,0
Chile,CHL,2004,0
Chile,CHL,2005,0
Chile,CHL,2006,0
Chile,CHL,2007,0
Chile,CHL,2008,0
Chile,CHL,2009,0
Chile,CHL,2010,0
Chile,CHL,2011,0
Chile,CHL,2012,0.002
Chile,CHL,2013,0.015
Chile,CHL,2014,0.221
Chile,CHL,2015,0.5760000000000001
Chile,CHL,2016,1.125
Chile,CHL,2017,1.809
Chile,CHL,2018,2.137
Chile,CHL,2019,2.653697998046875
Chile,CHL,2020,3.20543798828125
Chile,CHL,2021,4.3600068359375
China,CHN,1996,0.001
China,CHN,1997,0.0025
China,CHN,1998,0.005
China,CHN,1999,0.01
China,CHN,2000,0.033514999389648435
China,CHN,2001,0.03802000045776367
China,CHN,2002,0.056529998779296875
China,CHN,2003,0.0665999984741211
China,CHN,2004,0.07659999847412109
China,CHN,2005,0.1411999969482422
China,CHN,2006,0.1601999969482422
China,CHN,2007,0.199
China,CHN,2008,0.253
China,CHN,2009,0.4147999877929688
China,CHN,2010,1.0217999877929689
China,CHN,2011,3.107800048828125
China,CHN,2012,6.7177998046875
China,CHN,2013,17.74780078125
China,CHN,2014,28.38780078125
China,CHN,2015,43.53780078125
China,CHN,2016,77.787796875
China,CHN,2017,130.8012890625
China,CHN,2018,175.015859375
China,CHN,2019,204.574796875
China,CHN,2020,253.417796875
China,CHN,2021,306.4028125
Czechia,CZE,1996,0
Czechia,CZE,1997,0
Czechia,CZE,1998,0
Czechia,CZE,1999,0
Czechia,CZE,2000,0.00010000000149011613
Czechia,CZE,2001,0.00010000000149011613
Czechia,CZE,2002,0.00020000000298023225
Czechia,CZE,2003,0.00030000001192092895
Czechia,CZE,2004,0.0004000000059604645
Czechia,CZE,2005,0.0005860000252723694
Czechia,CZE,2006,0.0008410000205039979
Czechia,CZE,2007,0.003960999965667724
Czechia,CZE,2008,0.0395
Czechia,CZE,2009,0.46460000610351565
Czechia,CZE,2010,1.727
Czechia,CZE,2011,1.913
Czechia,CZE,2012,2.0220000000000002
Czechia,CZE,2013,2.0635
Czechia,CZE,2014,2.06739990234375
Czechia,CZE,2015,2.07489990234375
Czechia,CZE,2016,2.06789990234375
Czechia,CZE,2017,2.0695
Czechia,CZE,2018,2.075072021484375
Czechia,CZE,2019,2.086424072265625
Czechia,CZE,2020,2.1227109375
Czechia,CZE,2021,2.1192109375
Denmark,DNK,1996,0
Denmark,DNK,1997,0
Denmark,DNK,1998,0
Denmark,DNK,1999,0
Denmark,DNK,2000,0.001
Denmark,DNK,2001,0.001
Denmark,DNK,2002,0.002
Denmark,DNK,2003,0.002
Denmark,DNK,2004,0.002
Denmark,DNK,2005,0.003
Denmark,DNK,2006,0.003
Denmark,DNK,2007,0.003
Denmark,DNK,2008,0.003
Denmark,DNK,2009,0.005
Denmark,DNK,2010,0.007
Denmark,DNK,2011,0.017
Denmark,DNK,2012,0.402
Denmark,DNK,2013,0.5710000000000001
Denmark,DNK,2014,0.607
Denmark,DNK,2015,0.7821079711914063
Denmark,DNK,2016,0.8509530029296876
Denmark,DNK,2017,0.9063499755859376
Denmark,DNK,2018,0.998
Denmark,DNK,2019,1.08
Denmark,DNK,2020,1.3042939453125
Denmark,DNK,2021,1.5402939453125
Egypt,EGY,1996,0.00010000000149011613
Egypt,EGY,1997,0.00010000000149011613
Egypt,EGY,1998,0.00010000000149011613
Egypt,EGY,1999,0.00010000000149011613
Egypt,EGY,2000,0.00010000000149011613
Egypt,EGY,2001,0.0005
Egypt,EGY,2002,0.0006000000238418579
Egypt,EGY,2003,0.0006000000238418579
Egypt,EGY,2004,0.0006000000238418579
Egypt,EGY,2005,0.0006000000238418579
Egypt,EGY,2006,0.0006000000238418579
Egypt,EGY,2007,0.000699999988079071
Egypt,EGY,2008,0.0008999999761581421
Egypt,EGY,2009,0.0012999999523162842
Egypt,EGY,2010,0.015
Egypt,EGY,2011,0.015
Egypt,EGY,2012,0.015
Egypt,EGY,2013,0.015
Egypt,EGY,2014,0.015
Egypt,EGY,2015,0.016
Egypt,EGY,2016,0.039
Egypt,EGY,2017,0.16
Egypt,EGY,2018,0.7442000122070312
Egypt,EGY,2019,1.627199951171875
Egypt,EGY,2020,1.6553900146484375
Egypt,EGY,2021,1.6553900146484375
Europe,,1996,0.06690000152587891
Europe,,1997,0.08730000305175781
Europe,,1998,0.1054000015258789
Europe,,1999,0.1315
Europe,,2000,0.20010000610351564
Europe,,2001,0.3003599853515625
Europe,,2002,0.3849939880371094
Europe,,2003,0.62377099609375
Europe,,2004,1.335364013671875
Europe,,2005,2.3155070800781252
Europe,,2006,3.2666669921875
Europe,,2007,5.03985205078125
Europe,,2008,10.45816015625
Europe,,2009,16.8357421875
Europe,,2010,30.1191640625
Europe,,2011,53.56497265625
Europe,,2012,71.716375
Europe,,2013,81.8605
Europe,,2014,88.7809609375
Europe,,2015,97.3483046875
Europe,,2016,103.8889375
Europe,,2017,110.1350234375
Europe,,2018,119.6897109375
Europe,,2019,141.23779687500002
Europe,,2020,161.782765625
Europe,,2021,184.948375
Europe (BP),,1996,0.06690000152587891
Europe (BP),,1997,0.08730000305175781
Europe (BP),,1998,0.1054000015258789
Europe (BP),,1999,0.1315
Europe (BP),,2000,0.2001999969482422
Europe (BP),,2001,0.3006600036621094
Europe (BP),,2002,0.385593994140625
Europe (BP),,2003,0.62477099609375
Europe (BP),,2004,1.336864013671875
Europe (BP),,2005,2.317507080078125
Europe (BP),,2006,3.2691669921875
Europe (BP),,2007,5.04285205078125
Europe (BP),,2008,10.4618603515625
Europe (BP),,2009,16.84044140625
Europe (BP),,2010,30.12485546875
Europe (BP),,2011,53.5716484375
Europe (BP),,2012,71.727984375
Europe (BP),,2013,81.8769453125
Europe (BP),,2014,88.81596093750001
Europe (BP),,2015,97.535984375
Europe (BP),,2016,104.64561718750001
Europe (BP),,2017,113.33039843750001
Europe (BP),,2018,124.217
Europe (BP),,2019,145.956625
Europe (BP),,2020,167.0223125
Europe (BP),,2021,191.10290625000002
France,FRA,1996,0.004
France,FRA,1997,0.006
France,FRA,1998,0.008
France,FRA,1999,0.009000000000000001
France,FRA,2000,0.007
France,FRA,2001,0.007
France,FRA,2002,0.008
France,FRA,2003,0.009000000000000001
France,FRA,2004,0.011
France,FRA,2005,0.013000000000000001
France,FRA,2006,0.015
France,FRA,2007,0.026000000000000002
France,FRA,2008,0.08
France,FRA,2009,0.277
France,FRA,2010,1.044
France,FRA,2011,3.0035739746093753
France,FRA,2012,4.3587539062500005
France,FRA,2013,5.2772890625
France,FRA,2014,6.03441796875
France,FRA,2015,7.13751708984375
France,FRA,2016,7.7020810546875005
France,FRA,2017,8.6104365234375
France,FRA,2018,9.6722958984375
France,FRA,2019,10.8078740234375
France,FRA,2020,12.022224609375
France,FRA,2021,14.709224609375001
Germany,DEU,1996,0.028
Germany,DEU,1997,0.042
Germany,DEU,1998,0.054
Germany,DEU,1999,0.07
Germany,DEU,2000,0.114
Germany,DEU,2001,0.195
Germany,DEU,2002,0.26
Germany,DEU,2003,0.435
Germany,DEU,2004,1.105
Germany,DEU,2005,2.056
Germany,DEU,2006,2.899
Germany,DEU,2007,4.17
Germany,DEU,2008,6.12
Germany,DEU,2009,10.564
Germany,DEU,2010,18.004
Germany,DEU,2011,25.914
Germany,DEU,2012,34.075
Germany,DEU,2013,36.708
Germany,DEU,2014,37.898
Germany,DEU,2015,39.222
Germany,DEU,2016,40.677
Germany,DEU,2017,42.291000000000004
Germany,DEU,2018,45.156
Germany,DEU,2019,48.912
Germany,DEU,2020,53.719
Germany,DEU,2021,58.459
Greece,GRC,1996,0
Greece,GRC,1997,0
Greece,GRC,1998,0
Greece,GRC,1999,0
Greece,GRC,2000,0
Greece,GRC,2001,0.001
Greece,GRC,2002,0.001
Greece,GRC,2003,0.001
Greece,GRC,2004,0.001
Greece,GRC,2005,0.001
Greece,GRC,2006,0.005
Greece,GRC,2007,0.009000000000000001
Greece,GRC,2008,0.012
Greece,GRC,2009,0.046
Greece,GRC,2010,0.202
Greece,GRC,2011,0.612
Greece,GRC,2012,1.536
Greece,GRC,2013,2.579
Greece,GRC,2014,2.596
Greece,GRC,2015,2.604
Greece,GRC,2016,2.604
Greece,GRC,2017,2.605530029296875
Greece,GRC,2018,2.651570068359375
Greece,GRC,2019,2.8337939453125
Greece,GRC,2020,3.287719970703125
Greece,GRC,2021,3.5300000000000002
High-income countries,,1996,0.15489999389648437
High-income countries,,1997,0.21
High-income countries,,1998,0.2765
High-income countries,,1999,0.3825
High-income countries,,2000,0.7332000122070312
High-income countries,,2001,0.9992999877929688
High-income countries,,2002,1.315530029296875
High-income countries,,2003,1.80975
High-income countries,,2004,2.863969970703125
High-income countries,,2005,4.27964404296875
High-income countries,,2006,5.75493798828125
High-income countries,,2007,8.0768388671875
High-income countries,,2008,14.1952001953125
High-income countries,,2009,22.0236015625
High-income countries,,2010,38.6496953125
High-income countries,,2011,67.32971875
High-income countries,,2012,90.870625
High-income countries,,2013,112.369296875
High-income countries,,2014,135.4224375
High-income countries,,2015,163.549578125
High-income countries,,2016,191.791875
High-income countries,,2017,217.127046875
High-income countries,,2018,246.040296875
High-income countries,,2019,290.91253125000003
High-income countries,,2020,340.5175625
High-income countries,,2021,395.40946875000003
Honduras,HND,1996,0
Honduras,HND,1997,0
Honduras,HND,1998,0
Honduras,HND,1999,0.001
Honduras,HND,2000,0.0015989999771118164
Honduras,HND,2001,0.0018040000200271608
Honduras,HND,2002,0.001975000023841858
Honduras,HND,2003,0.002128000020980835
Honduras,HND,2004,0.002375999927520752
Honduras,HND,2005,0.0026679999828338624
Honduras,HND,2006,0.0028719999790191653
Honduras,HND,2007,0.0032279999256134033
Honduras,HND,2008,0.0032279999256134033
Honduras,HND,2009,0.00351200008392334
Honduras,HND,2010,0.0037279999256134033
Honduras,HND,2011,0.0044790000915527345
Honduras,HND,2012,0.005156000137329102
Honduras,HND,2013,0.005156000137329102
Honduras,HND,2014,0.005156000137329102
Honduras,HND,2015,0.393156005859375
Honduras,HND,2016,0.414156005859375
Honduras,HND,2017,0.4537860107421875
Honduras,HND,2018,0.5136859741210937
Honduras,HND,2019,0.514
Honduras,HND,2020,0.514
Honduras,HND,2021,0.514
Hungary,HUN,1996,0
Hungary,HUN,1997,0
Hungary,HUN,1998,0
Hungary,HUN,1999,0
Hungary,HUN,2000,0
Hungary,HUN,2001,0
Hungary,HUN,2002,0
Hungary,HUN,2003,0
Hungary,HUN,2004,0
Hungary,HUN,2005,0
Hungary,HUN,2006,0
Hungary,HUN,2007,0.0004000000059604645
Hungary,HUN,2008,0.001
Hungary,HUN,2009,0.001
Hungary,HUN,2010,0.002
Hungary,HUN,2011,0.004
Hungary,HUN,2012,0.012
Hungary,HUN,2013,0.035
Hungary,HUN,2014,0.089
Hungary,HUN,2015,0.17200000000000001
Hungary,HUN,2016,0.23500000000000001
Hungary,HUN,2017,0.34400000000000003
Hungary,HUN,2018,0.728
Hungary,HUN,2019,1.4000000000000001
Hungary,HUN,2020,2.1310000000000002
Hungary,HUN,2021,2.1310000000000002
India,IND,1996,0
India,IND,1997,0
India,IND,1998,0
India,IND,1999,0
India,IND,2000,0.0010839999914169312
India,IND,2001,0.00553499984741211
India,IND,2002,0.006704999923706055
India,IND,2003,0.007885000228881837
India,IND,2004,0.007809999942779541
India,IND,2005,0.011567000389099122
India,IND,2006,0.009602999687194825
India,IND,2007,0.025099000930786132
India,IND,2008,0.02772299957275391
India,IND,2009,0.03936199951171875
India,IND,2010,0.06536199951171875
India,IND,2011,0.5633150024414063
India,IND,2012,0.9785819702148437
India,IND,2013,1.4458270263671875
India,IND,2014,3.4440080566406253
India,IND,2015,5.3649838867187505
India,IND,2016,9.650521484375
India,IND,2017,17.923255859375
India,IND,2018,27.12459765625
India,IND,2019,34.86090625
India,IND,2020,39.04265625
India,IND,2021,49.3415078125
Israel,ISR,1996,0
Israel,ISR,1997,0.00030000001192092895
Israel,ISR,1998,0.00030000001192092895
Israel,ISR,1999,0.0004000000059604645
Israel,ISR,2000,0
Israel,ISR,2001,0
Israel,ISR,2002,0
Israel,ISR,2003,0
Israel,ISR,2004,0
Israel,ISR,2005,0.001
Israel,ISR,2006,0.0012999999523162842
Israel,ISR,2007,0.0017999999523162843
Israel,ISR,2008,0.003
Israel,ISR,2009,0.0245
Israel,ISR,2010,0.06990000152587891
Israel,ISR,2011,0.1896999969482422
Israel,ISR,2012,0.272
Israel,ISR,2013,0.37679998779296875
Israel,ISR,2014,0.5870999755859375
Israel,ISR,2015,0.7657000122070312
Israel,ISR,2016,0.8735999755859375
Israel,ISR,2017,0.9822999877929688
Israel,ISR,2018,1.285199951171875
Israel,ISR,2019,1.8074000244140624
Israel,ISR,2020,2.23
Israel,ISR,2021,2.313
Italy,ITA,1996,0.016
Italy,ITA,1997,0.017
Italy,ITA,1998,0.018000000000000002
Italy,ITA,1999,0.018000000000000002
Italy,ITA,2000,0.019
Italy,ITA,2001,0.02
Italy,ITA,2002,0.022
Italy,ITA,2003,0.026000000000000002
Italy,ITA,2004,0.031
Italy,ITA,2005,0.034
Italy,ITA,2006,0.045
Italy,ITA,2007,0.11
Italy,ITA,2008,0.483
Italy,ITA,2009,1.264
Italy,ITA,2010,3.592
Italy,ITA,2011,13.131
Italy,ITA,2012,16.785
Italy,ITA,2013,18.185
Italy,ITA,2014,18.594
Italy,ITA,2015,18.901
Italy,ITA,2016,19.283
Italy,ITA,2017,19.68229296875
Italy,ITA,2018,20.10758984375
Italy,ITA,2019,20.865275390625
Italy,ITA,2020,21.6500390625
Italy,ITA,2021,22.6920390625
Japan,JPN,1996,0.06
Japan,JPN,1997,0.091
Japan,JPN,1998,0.133
Japan,JPN,1999,0.209
Japan,JPN,2000,0.33
Japan,JPN,2001,0.453
Japan,JPN,2002,0.637
Japan,JPN,2003,0.86
Japan,JPN,2004,1.1320000000000001
Japan,JPN,2005,1.422
Japan,JPN,2006,1.708
Japan,JPN,2007,1.919
Japan,JPN,2008,2.144
Japan,JPN,2009,2.6270000000000002
Japan,JPN,2010,3.618
Japan,JPN,2011,4.914
Japan,JPN,2012,6.632000000000001
Japan,JPN,2013,13.599
Japan,JPN,2014,23.339000000000002
Japan,JPN,2015,34.15
Japan,JPN,2016,42.04
Japan,JPN,2017,49.5
Japan,JPN,2018,56.162
Japan,JPN,2019,63.192
Japan,JPN,2020,69.764
Japan,JPN,2021,74.191
Jordan,JOR,1996,0
Jordan,JOR,1997,0
Jordan,JOR,1998,0
Jordan,JOR,1999,0
Jordan,JOR,2000,0.000014999999664723874
Jordan,JOR,2001,0.000014999999664723874
Jordan,JOR,2002,0.000014999999664723874
Jordan,JOR,2003,0.000014999999664723874
Jordan,JOR,2004,0.000014999999664723874
Jordan,JOR,2005,0.000014999999664723874
Jordan,JOR,2006,0.000014999999664723874
Jordan,JOR,2007,0.000014999999664723874
Jordan,JOR,2008,0.000014999999664723874
Jordan,JOR,2009,0.000014999999664723874
Jordan,JOR,2010,0.000014999999664723874
Jordan,JOR,2011,0.0000430000014603138
Jordan,JOR,2012,0.0000729999989271164
Jordan,JOR,2013,0.00014100000262260438
Jordan,JOR,2014,0.0002360000014305115
Jordan,JOR,2015,0.005557000160217285
Jordan,JOR,2016,0.28659298706054687
Jordan,JOR,2017,0.3965880126953125
Jordan,JOR,2018,0.6996229858398437
Jordan,JOR,2019,1.1856700439453125
Jordan,JOR,2020,1.448375
Jordan,JOR,2021,1.5205749511718751
Lower-middle-income countries,,1996,0.00010000000149011613
Lower-middle-income countries,,1997,0.00010000000149011613
Lower-middle-income countries,,1998,0.00010000000149011613
Lower-middle-income countries,,1999,0.001100000023841858
Lower-middle-income countries,,2000,0.009484999656677246
Lower-middle-income countries,,2001,0.014946999549865723
Lower-middle-income countries,,2002,0.017215999603271484
Lower-middle-income countries,,2003,0.01941900062561035
Lower-middle-income countries,,2004,0.022632999420166017
Lower-middle-income countries,,2005,0.028739999771118165
Lower-middle-income countries,,2006,0.029319000244140626
Lower-middle-income countries,,2007,0.046555999755859376
Lower-middle-income countries,,2008,0.05127999877929688
Lower-middle-income countries,,2009,0.06982399749755859
Lower-middle-income countries,,2010,0.115947998046875
Lower-middle-income countries,,2011,0.8103380126953125
Lower-middle-income countries,,2012,1.4378330078125001
Lower-middle-income countries,,2013,2.337780029296875
Lower-middle-income countries,,2014,4.50235400390625
Lower-middle-income countries,,2015,7.127591796875
Lower-middle-income countries,,2016,12.678287109375
Lower-middle-income countries,,2017,21.73200390625
Lower-middle-income countries,,2018,32.70312890625
Lower-middle-income countries,,2019,50.29374609375
Lower-middle-income countries,,2020,67.738734375
Lower-middle-income countries,,2021,79.343734375
Malaysia,MYS,1996,0
Malaysia,MYS,1997,0
Malaysia,MYS,1998,0
Malaysia,MYS,1999,0
Malaysia,MYS,2000,0
Malaysia,MYS,2001,0
Malaysia,MYS,2002,0
Malaysia,MYS,2003,0
Malaysia,MYS,2004,0
Malaysia,MYS,2005,0
Malaysia,MYS,2006,0
Malaysia,MYS,2007,0.00044999998807907106
Malaysia,MYS,2008,0.0005400000214576721
Malaysia,MYS,2009,0.0005400000214576721
Malaysia,MYS,2010,0.0005440000295639038
Malaysia,MYS,2011,0.0005440000295639038
Malaysia,MYS,2012,0.031583999633789064
Malaysia,MYS,2013,0.1386739959716797
Malaysia,MYS,2014,0.20538800048828126
Malaysia,MYS,2015,0.2662850036621094
Malaysia,MYS,2016,0.34410800170898437
Malaysia,MYS,2017,0.3938080139160156
Malaysia,MYS,2018,0.5450750122070313
Malaysia,MYS,2019,0.893594970703125
Malaysia,MYS,2020,1.4825970458984374
Malaysia,MYS,2021,1.7867469482421876
Mexico,MEX,1996,0.01
Mexico,MEX,1997,0.011
Mexico,MEX,1998,0.012
Mexico,MEX,1999,0.013000000000000001
Mexico,MEX,2000,0.014
Mexico,MEX,2001,0.015
Mexico,MEX,2002,0.016
Mexico,MEX,2003,0.016
Mexico,MEX,2004,0.016
Mexico,MEX,2005,0.016
Mexico,MEX,2006,0.016
Mexico,MEX,2007,0.019
Mexico,MEX,2008,0.019
Mexico,MEX,2009,0.025100000381469728
Mexico,MEX,2010,0.02979999923706055
Mexico,MEX,2011,0.04240000152587891
Mexico,MEX,2012,0.07280000305175781
Mexico,MEX,2013,0.109
Mexico,MEX,2014,0.17400000000000002
Mexico,MEX,2015,0.28700000000000003
Mexico,MEX,2016,0.6325999755859375
Mexico,MEX,2017,1.125739990234375
Mexico,MEX,2018,2.541
Mexico,MEX,2019,4.4262080078125
Mexico,MEX,2020,5.149
Mexico,MEX,2021,7.026
Middle East (BP),,1996,0
Middle East (BP),,1997,0.00030000001192092895
Middle East (BP),,1998,0.00030000001192092895
Middle East (BP),,1999,0.0004000000059604645
Middle East (BP),,2000,0.0003650000095367432
Middle East (BP),,2001,0.00037000000476837156
Middle East (BP),,2002,0.00037000000476837156
Middle East (BP),,2003,0.00037000000476837156
Middle East (BP),,2004,0.0004000000059604645
Middle East (BP),,2005,0.001399999976158142
Middle East (BP),,2006,0.0017419999837875366
Middle East (BP),,2007,0.0022730000019073487
Middle East (BP),,2008,0.004422999858856201
Middle East (BP),,2009,0.036112998962402346
Middle East (BP),,2010,0.084822998046875
Middle East (BP),,2011,0.20858299255371093
Middle East (BP),,2012,0.30272100830078125
Middle East (BP),,2013,0.4626099853515625
Middle East (BP),,2014,0.7125239868164063
Middle East (BP),,2015,0.9699520263671875
Middle East (BP),,2016,1.4755200195312501
Middle East (BP),,2017,2.1106630859375
Middle East (BP),,2018,3.253535888671875
Middle East (BP),,2019,5.73276123046875
Middle East (BP),,2020,7.0305400390625
Middle East (BP),,2021,7.96905615234375
Morocco,MAR,1996,0
Morocco,MAR,1997,0
Morocco,MAR,1998,0
Morocco,MAR,1999,0
Morocco,MAR,2000,0.0066999998092651366
Morocco,MAR,2001,0.007
Morocco,MAR,2002,0.007699999809265137
Morocco,MAR,2003,0.008399999618530274
Morocco,MAR,2004,0.009100000381469726
Morocco,MAR,2005,0.01
Morocco,MAR,2006,0.010800000190734864
Morocco,MAR,2007,0.011944999694824219
Morocco,MAR,2008,0.01284500026702881
Morocco,MAR,2009,0.01344499969482422
Morocco,MAR,2010,0.013545000076293945
Morocco,MAR,2011,0.014173999786376953
Morocco,MAR,2012,0.015173999786376954
Morocco,MAR,2013,0.015173999786376954
Morocco,MAR,2014,0.019600000381469727
Morocco,MAR,2015,0.019799999237060547
Morocco,MAR,2016,0.0218700008392334
Morocco,MAR,2017,0.023895000457763674
Morocco,MAR,2018,0.19389500427246095
Morocco,MAR,2019,0.1939029998779297
Morocco,MAR,2020,0.194
Morocco,MAR,2021,0.23430000305175783
Netherlands,NLD,1996,0.000699999988079071
Netherlands,NLD,1997,0.001
Netherlands,NLD,1998,0.001
Netherlands,NLD,1999,0.005
Netherlands,NLD,2000,0.013000000000000001
Netherlands,NLD,2001,0.021
Netherlands,NLD,2002,0.026000000000000002
Netherlands,NLD,2003,0.046
Netherlands,NLD,2004,0.05
Netherlands,NLD,2005,0.051000000000000004
Netherlands,NLD,2006,0.053
Netherlands,NLD,2007,0.054
Netherlands,NLD,2008,0.059000000000000004
Netherlands,NLD,2009,0.069
Netherlands,NLD,2010,0.09
Netherlands,NLD,2011,0.149
Netherlands,NLD,2012,0.28700000000000003
Netherlands,NLD,2013,0.65
Netherlands,NLD,2014,1.0070000000000001
Netherlands,NLD,2015,1.526
Netherlands,NLD,2016,2.1350000000000002
Netherlands,NLD,2017,2.911
Netherlands,NLD,2018,4.6080000000000005
Netherlands,NLD,2019,7.226
Netherlands,NLD,2020,10.9497197265625
Netherlands,NLD,2021,14.249
North America,,1996,0.026899999618530273
North America,,1997,0.028600000381469728
North America,,1998,0.032200000762939454
North America,,1999,0.03659999847412109
North America,,2000,0.1985989990234375
North America,,2001,0.2388040008544922
North America,,2002,0.2829750061035156
North America,,2003,0.32312799072265624
North America,,2004,0.39537600708007814
North America,,2005,0.5296680297851563
North America,,2006,0.7388720092773438
North America,,2007,1.02522802734375
North America,,2008,1.2132280273437501
North America,,2009,1.749612060546875
North America,,2010,3.191528076171875
North America,,2011,5.84687890625
North America,,2012,8.9809560546875
North America,,2013,13.08315625
North America,,2014,18.00615625
North America,,2015,24.88315625
North America,,2016,36.6697578125
North America,,2017,45.86852734375
North America,,2018,55.961687500000004
North America,,2019,67.33521093750001
North America,,2020,82.818703125
North America,,2021,104.8826171875
North America (BP),,1996,0.026899999618530273
North America (BP),,1997,0.028600000381469728
North America (BP),,1998,0.032200000762939454
North America (BP),,1999,0.0355999984741211
North America (BP),,2000,0.197
North America (BP),,2001,0.23700000000000002
North America (BP),,2002,0.281
North America (BP),,2003,0.321
North America (BP),,2004,0.393
North America (BP),,2005,0.527
North America (BP),,2006,0.736
North America (BP),,2007,1.022
North America (BP),,2008,1.21
North America (BP),,2009,1.7460999755859374
North America (BP),,2010,3.1878000488281253
North America (BP),,2011,5.84239990234375
North America (BP),,2012,8.975799804687501
North America (BP),,2013,13.078
North America (BP),,2014,18.001
North America (BP),,2015,24.490000000000002
North America (BP),,2016,36.2556015625
North America (BP),,2017,45.41473828125
North America (BP),,2018,55.448140625
North America (BP),,2019,66.82134375
North America (BP),,2020,82.3048359375
North America (BP),,2021,104.36875
Oceania,,1996,0.016
Oceania,,1997,0.019
Oceania,,1998,0.023
Oceania,,1999,0.025
Oceania,,2000,0.025
Oceania,,2001,0.029
Oceania,,2002,0.034
Oceania,,2003,0.039
Oceania,,2004,0.046
Oceania,,2005,0.052000000000000005
Oceania,,2006,0.061
Oceania,,2007,0.07
Oceania,,2008,0.082
Oceania,,2009,0.329
Oceania,,2010,1.088
Oceania,,2011,2.47
Oceania,,2012,3.7960000000000003
Oceania,,2013,4.565
Oceania,,2014,5.284
Oceania,,2015,5.9430000000000005
Oceania,,2016,6.686
Oceania,,2017,7.352
Oceania,,2018,8.623
Oceania,,2019,12.967
Oceania,,2020,17.342
Oceania,,2021,19.074
Other Africa (BP),,1996,0.001012425184249878
Other Africa (BP),,1997,0.0010372756719589234
Other Africa (BP),,1998,0.0010621260404586792
Other Africa (BP),,1999,0.0020994017124176026
Other Africa (BP),,2000,0.004126999855041504
Other Africa (BP),,2001,0.00552899980545044
Other Africa (BP),,2002,0.006942999839782715
Other Africa (BP),,2003,0.009019000053405762
Other Africa (BP),,2004,0.01229599952697754
Other Africa (BP),,2005,0.015364999771118165
Other Africa (BP),,2006,0.022868000030517577
Other Africa (BP),,2007,0.034011001586914065
Other Africa (BP),,2008,0.049627998352050784
Other Africa (BP),,2009,0.09209999847412109
Other Africa (BP),,2010,0.16333799743652344
Other Africa (BP),,2011,0.2315559997558594
Other Africa (BP),,2012,0.3044769897460938
Other Africa (BP),,2013,0.3751740112304688
Other Africa (BP),,2014,0.4745190124511719
Other Africa (BP),,2015,0.5942050170898437
Other Africa (BP),,2016,0.7344210205078125
Other Africa (BP),,2017,0.9804379882812501
Other Africa (BP),,2018,1.4482440185546874
Other Africa (BP),,2019,1.7662249755859376
Other Africa (BP),,2020,1.9418909912109374
Other Africa (BP),,2021,2.26847509765625
Other Asia Pacific (BP),,1996,0
Other Asia Pacific (BP),,1997,0
Other Asia Pacific (BP),,1998,0.001
Other Asia Pacific (BP),,1999,0.002
Other Asia Pacific (BP),,2000,0.0019539999961853028
Other Asia Pacific (BP),,2001,0.003697000026702881
Other Asia Pacific (BP),,2002,0.005380000114440918
Other Asia Pacific (BP),,2003,0.008109000205993653
Other Asia Pacific (BP),,2004,0.010378999710083008
Other Asia Pacific (BP),,2005,0.013458999633789062
Other Asia Pacific (BP),,2006,0.017097000122070313
Other Asia Pacific (BP),,2007,0.028183000564575195
Other Asia Pacific (BP),,2008,0.04262599945068359
Other Asia Pacific (BP),,2009,0.059057998657226565
Other Asia Pacific (BP),,2010,0.0825
Other Asia Pacific (BP),,2011,0.11733100128173829
Other Asia Pacific (BP),,2012,0.18356500244140625
Other Asia Pacific (BP),,2013,0.2511179962158203
Other Asia Pacific (BP),,2014,0.34419500732421876
Other Asia Pacific (BP),,2015,0.5328920288085938
Other Asia Pacific (BP),,2016,0.7192520141601563
Other Asia Pacific (BP),,2017,1.0030789794921875
Other Asia Pacific (BP),,2018,1.1856710205078125
Other Asia Pacific (BP),,2019,1.8051290283203125
Other Asia Pacific (BP),,2020,2.32480810546875
Other Asia Pacific (BP),,2021,2.801298095703125
Other CIS (BP),,1996,0
Other CIS (BP),,1997,0
Other CIS (BP),,1998,0
Other CIS (BP),,1999,0
Other CIS (BP),,2000,0
Other CIS (BP),,2001,0
Other CIS (BP),,2002,0
Other CIS (BP),,2003,0
Other CIS (BP),,2004,0
Other CIS (BP),,2005,0.00006300000101327897
Other CIS (BP),,2006,0.00007900000363588334
Other CIS (BP),,2007,0.0006970000267028808
Other CIS (BP),,2008,0.00048500001430511474
Other CIS (BP),,2009,0.0002980000078678131
Other CIS (BP),,2010,0.0015670000314712525
Other CIS (BP),,2011,0.0019950000047683717
Other CIS (BP),,2012,0.0034360001087188723
Other CIS (BP),,2013,0.017761999130249024
Other CIS (BP),,2014,0.08382499694824219
Other CIS (BP),,2015,0.1555030059814453
Other CIS (BP),,2016,0.231218994140625
Other CIS (BP),,2017,0.2870559997558594
Other CIS (BP),,2018,0.6824600219726563
Other CIS (BP),,2019,1.3425999755859375
Other CIS (BP),,2020,1.9205
Other CIS (BP),,2021,3.250365966796875
Other Europe (BP),,1996,0.004900000095367432
Other Europe (BP),,1997,0.005199999809265137
Other Europe (BP),,1998,0.005400000095367432
Other Europe (BP),,1999,0.006
Other Europe (BP),,2000,0.009000000000000001
Other Europe (BP),,2001,0.010260000228881835
Other Europe (BP),,2002,0.010793999671936035
Other Europe (BP),,2003,0.02447100067138672
Other Europe (BP),,2004,0.035964000701904295
Other Europe (BP),,2005,0.036902999877929686
Other Europe (BP),,2006,0.03943899917602539
Other Europe (BP),,2007,0.04022299957275391
Other Europe (BP),,2008,0.04534000015258789
Other Europe (BP),,2009,0.055126998901367186
Other Europe (BP),,2010,0.07114199829101563
Other Europe (BP),,2011,0.13839500427246093
Other Europe (BP),,2012,0.2935480041503906
Other Europe (BP),,2013,0.47608599853515626
Other Europe (BP),,2014,0.6236439819335937
Other Europe (BP),,2015,0.71156201171875
Other Europe (BP),,2016,0.801093017578125
Other Europe (BP),,2017,0.9629949951171876
Other Europe (BP),,2018,1.1425340576171876
Other Europe (BP),,2019,1.6021190185546876
Other Europe (BP),,2020,2.321008056640625
Other Europe (BP),,2021,2.978446044921875
Other Middle East (BP),,1996,0
Other Middle East (BP),,1997,0
Other Middle East (BP),,1998,0
Other Middle East (BP),,1999,0
Other Middle East (BP),,2000,0.0003499999940395355
Other Middle East (BP),,2001,0.00035499998927116395
Other Middle East (BP),,2002,0.00035499998927116395
Other Middle East (BP),,2003,0.00035499998927116395
Other Middle East (BP),,2004,0.00038499999046325684
Other Middle East (BP),,2005,0.00038499999046325684
Other Middle East (BP),,2006,0.0004269999861717224
Other Middle East (BP),,2007,0.00045800000429153443
Other Middle East (BP),,2008,0.0014079999923706055
Other Middle East (BP),,2009,0.0015219999551773073
Other Middle East (BP),,2010,0.004081999778747559
Other Middle East (BP),,2011,0.006089000225067139
Other Middle East (BP),,2012,0.017441999435424804
Other Middle East (BP),,2013,0.05986700057983398
Other Middle East (BP),,2014,0.09201699829101563
Other Middle East (BP),,2015,0.16528900146484377
Other Middle East (BP),,2016,0.2749209899902344
Other Middle East (BP),,2017,0.476739013671875
Other Middle East (BP),,2018,0.7704080200195312
Other Middle East (BP),,2019,0.9218209838867187
Other Middle East (BP),,2020,1.1467679443359375
Other Middle East (BP),,2021,1.5304339599609376
Other South and Central America (BP),,1996,0
Other South and Central America (BP),,1997,0
Other South and Central America (BP),,1998,0
Other South and Central America (BP),,1999,0.001
Other South and Central America (BP),,2000,0.002898000001907349
Other South and Central America (BP),,2001,0.005500999927520752
Other South and Central America (BP),,2002,0.0076339998245239255
Other South and Central America (BP),,2003,0.009550000190734863
Other South and Central America (BP),,2004,0.011493000030517578
Other South and Central America (BP),,2005,0.013600999832153321
Other South and Central America (BP),,2006,0.019156999588012695
Other South and Central America (BP),,2007,0.025010000228881838
Other South and Central America (BP),,2008,0.03397900009155273
Other South and Central America (BP),,2009,0.05784199905395508
Other South and Central America (BP),,2010,0.11513099670410157
Other South and Central America (BP),,2011,0.17633399963378907
Other South and Central America (BP),,2012,0.34548699951171874
Other South and Central America (BP),,2013,0.4383970031738281
Other South and Central America (BP),,2014,0.5524099731445312
Other South and Central America (BP),,2015,0.8795780029296875
Other South and Central America (BP),,2016,1.0807039794921875
Other South and Central America (BP),,2017,1.80443603515625
Other South and Central America (BP),,2018,2.231330078125
Other South and Central America (BP),,2019,2.80106396484375
Other South and Central America (BP),,2020,3.181366943359375
Other South and Central America (BP),,2021,3.8161240234375002
Pakistan,PAK,1996,0
Pakistan,PAK,1997,0
Pakistan,PAK,1998,0
Pakistan,PAK,1999,0
Pakistan,PAK,2000,0
Pakistan,PAK,2001,0
Pakistan,PAK,2002,0
Pakistan,PAK,2003,0
Pakistan,PAK,2004,0
Pakistan,PAK,2005,0
Pakistan,PAK,2006,0
Pakistan,PAK,2007,0.00014000000059604645
Pakistan,PAK,2008,0.0011399999856948854
Pakistan,PAK,2009,0.006670000076293946
Pakistan,PAK,2010,0.009274999618530273
Pakistan,PAK,2011,0.01863199996948242
Pakistan,PAK,2012,0.04578300094604492
Pakistan,PAK,2013,0.10065799713134765
Pakistan,PAK,2014,0.16536300659179687
Pakistan,PAK,2015,0.26551199340820314
Pakistan,PAK,2016,0.5895050048828125
Pakistan,PAK,2017,0.654698974609375
Pakistan,PAK,2018,0.6791090087890626
Pakistan,PAK,2019,0.76331298828125
Pakistan,PAK,2020,0.86031298828125
Pakistan,PAK,2021,1.08331298828125
Philippines,PHL,1996,0
Philippines,PHL,1997,0
Philippines,PHL,1998,0
Philippines,PHL,1999,0
Philippines,PHL,2000,0
Philippines,PHL,2001,0
Philippines,PHL,2002,0
Philippines,PHL,2003,0
Philippines,PHL,2004,0.002
Philippines,PHL,2005,0.002019999980926514
Philippines,PHL,2006,0.002019999980926514
Philippines,PHL,2007,0.002019999980926514
Philippines,PHL,2008,0.002019999980926514
Philippines,PHL,2009,0.002019999980926514
Philippines,PHL,2010,0.002019999980926514
Philippines,PHL,2011,0.002019999980926514
Philippines,PHL,2012,0.002019999980926514
Philippines,PHL,2013,0.003046999931335449
Philippines,PHL,2014,0.02773699951171875
Philippines,PHL,2015,0.17255000305175783
Philippines,PHL,2016,0.78414501953125
Philippines,PHL,2017,0.9083759765625
Philippines,PHL,2018,0.9169609985351562
Philippines,PHL,2019,0.9822459716796875
Philippines,PHL,2020,1.0578809814453125
Philippines,PHL,2021,1.3697340087890626
Poland,POL,1997,0
Poland,POL,1998,0
Poland,POL,1999,0
Poland,POL,2000,0
Poland,POL,2001,0
Poland,POL,2002,0
Poland,POL,2003,0
Poland,POL,2004,0
Poland,POL,2005,0
Poland,POL,2006,0
Poland,POL,2007,0
Poland,POL,2008,0
Poland,POL,2009,0
Poland,POL,2010,0
Poland,POL,2011,0.0011100000143051147
Poland,POL,2012,0.0012999999523162842
Poland,POL,2013,0.002392999887466431
Poland,POL,2014,0.027149999618530273
Poland,POL,2015,0.1077770004272461
Poland,POL,2016,0.18724699401855469
Poland,POL,2017,0.2870910034179688
Poland,POL,2018,0.5619760131835938
Poland,POL,2019,1.539259033203125
Poland,POL,2020,3.954962890625
Poland,POL,2021,6.25675390625
Portugal,PRT,1996,0.0004000000059604645
Portugal,PRT,1997,0.0005
Portugal,PRT,1998,0.0006000000238418579
Portugal,PRT,1999,0.0008999999761581421
Portugal,PRT,2000,0.001
Portugal,PRT,2001,0.001
Portugal,PRT,2002,0.001
Portugal,PRT,2003,0.002
Portugal,PRT,2004,0.002
Portugal,PRT,2005,0.002
Portugal,PRT,2006,0.003
Portugal,PRT,2007,0.024
Portugal,PRT,2008,0.059000000000000004
Portugal,PRT,2009,0.115
Portugal,PRT,2010,0.134
Portugal,PRT,2011,0.17200000000000001
Portugal,PRT,2012,0.23800000000000002
Portugal,PRT,2013,0.296
Portugal,PRT,2014,0.41500000000000004
Portugal,PRT,2015,0.447
Portugal,PRT,2016,0.512823974609375
Portugal,PRT,2017,0.5792360229492187
Portugal,PRT,2018,0.6674310302734375
Portugal,PRT,2019,0.90143798828125
Portugal,PRT,2020,1.1002919921875
Portugal,PRT,2021,1.8012919921875001
Romania,ROU,1996,0
Romania,ROU,1997,0
Romania,ROU,1998,0
Romania,ROU,1999,0
Romania,ROU,2000,0
Romania,ROU,2001,0
Romania,ROU,2002,0
Romania,ROU,2003,0
Romania,ROU,2004,0
Romania,ROU,2005,0
Romania,ROU,2006,0
Romania,ROU,2007,0
Romania,ROU,2008,0.00010000000149011613
Romania,ROU,2009,0.00010000000149011613
Romania,ROU,2010,0.00010000000149011613
Romania,ROU,2011,0.001
Romania,ROU,2012,0.041
Romania,ROU,2013,0.761
Romania,ROU,2014,1.293
Romania,ROU,2015,1.326
Romania,ROU,2016,1.372
Romania,ROU,2017,1.3741290283203125
Romania,ROU,2018,1.3858199462890626
Romania,ROU,2019,1.3977049560546875
Romania,ROU,2020,1.3825389404296875
Romania,ROU,2021,1.3975389404296876
Russia,RUS,1996,0
Russia,RUS,1997,0
Russia,RUS,1998,0
Russia,RUS,1999,0
Russia,RUS,2000,0
Russia,RUS,2001,0
Russia,RUS,2002,0
Russia,RUS,2003,0
Russia,RUS,2004,0
Russia,RUS,2005,0
Russia,RUS,2006,0
Russia,RUS,2007,0
Russia,RUS,2008,0
Russia,RUS,2009,0
Russia,RUS,2010,0.000009999999776482582
Russia,RUS,2011,0.000023000000044703485
Russia,RUS,2012,0.00009300000220537186
Russia,RUS,2013,0.0012589999437332153
Russia,RUS,2014,0.005
Russia,RUS,2015,0.06131999969482422
Russia,RUS,2016,0.07631999969482423
Russia,RUS,2017,0.22532000732421875
Russia,RUS,2018,0.5353200073242188
Russia,RUS,2019,1.2763199462890624
Russia,RUS,2020,1.4278199462890626
Russia,RUS,2021,1.6610200195312501
Slovakia,SVK,1996,0
Slovakia,SVK,1997,0
Slovakia,SVK,1998,0
Slovakia,SVK,1999,0
Slovakia,SVK,2000,0
Slovakia,SVK,2001,0
Slovakia,SVK,2002,0
Slovakia,SVK,2003,0
Slovakia,SVK,2004,0
Slovakia,SVK,2005,0
Slovakia,SVK,2006,0
Slovakia,SVK,2007,0
Slovakia,SVK,2008,0
Slovakia,SVK,2009,0
Slovakia,SVK,2010,0.019
Slovakia,SVK,2011,0.496
Slovakia,SVK,2012,0.513
Slovakia,SVK,2013,0.533
Slovakia,SVK,2014,0.533
Slovakia,SVK,2015,0.533
Slovakia,SVK,2016,0.533
Slovakia,SVK,2017,0.528
Slovakia,SVK,2018,0.47200000000000003
Slovakia,SVK,2019,0.59
Slovakia,SVK,2020,0.535
Slovakia,SVK,2021,0.535
South Africa,ZAF,1996,0
South Africa,ZAF,1997,0.002
South Africa,ZAF,1998,0.004
South Africa,ZAF,1999,0.006
South Africa,ZAF,2000,0
South Africa,ZAF,2001,0
South Africa,ZAF,2002,0
South Africa,ZAF,2003,0
South Africa,ZAF,2004,0
South Africa,ZAF,2005,0
South Africa,ZAF,2006,0
South Africa,ZAF,2007,0
South Africa,ZAF,2008,0
South Africa,ZAF,2009,0
South Africa,ZAF,2010,0.001958999991416931
South Africa,ZAF,2011,0.005657999992370605
South Africa,ZAF,2012,0.011303000450134278
South Africa,ZAF,2013,0.261625
South Africa,ZAF,2014,1.0629010009765625
South Africa,ZAF,2015,1.251656005859375
South Africa,ZAF,2016,1.9740260009765624
South Africa,ZAF,2017,3.14672998046875
South Africa,ZAF,2018,4.4009291992187505
South Africa,ZAF,2019,4.4049912109375
South Africa,ZAF,2020,5.489578125
South Africa,ZAF,2021,5.72109521484375
South America,,1996,0
South America,,1997,0
South America,,1998,0
South America,,1999,0
South America,,2000,0.000025000000372529032
South America,,2001,0.00006199999898672104
South America,,2002,0.00006199999898672104
South America,,2003,0.0007420000433921814
South America,,2004,0.0007440000176429748
South America,,2005,0.0007440000176429748
South America,,2006,0.0007440000176429748
South America,,2007,0.0007440000176429748
South America,,2008,0.0007900000214576721
South America,,2009,0.0008400000333786011
South America,,2010,0.0008799999952316285
South America,,2011,0.007348999977111817
South America,,2012,0.014859999656677246
South America,,2013,0.03578499984741211
South America,,2014,0.24994900512695312
South America,,2015,0.6301849975585938
South America,,2016,1.261594970703125
South America,,2017,3.024593017578125
South America,,2018,4.7632578125
South America,,2019,7.7090000000000005
South America,,2020,11.84873046875
South America,,2021,18.486298828125
South Korea,KOR,1996,0
South Korea,KOR,1997,0
South Korea,KOR,1998,0
South Korea,KOR,1999,0
South Korea,KOR,2000,0.004
South Korea,KOR,2001,0.005
South Korea,KOR,2002,0.005
South Korea,KOR,2003,0.006
South Korea,KOR,2004,0.009000000000000001
South Korea,KOR,2005,0.014
South Korea,KOR,2006,0.036000000000000004
South Korea,KOR,2007,0.081
South Korea,KOR,2008,0.357
South Korea,KOR,2009,0.524
South Korea,KOR,2010,0.65
South Korea,KOR,2011,0.73
South Korea,KOR,2012,1.024
South Korea,KOR,2013,1.555
South Korea,KOR,2014,2.481
South Korea,KOR,2015,3.615
South Korea,KOR,2016,4.502
South Korea,KOR,2017,5.835
South Korea,KOR,2018,8.099
South Korea,KOR,2019,11.952
South Korea,KOR,2020,14.574791015625001
South Korea,KOR,2021,18.16057421875
South and Central America (BP),,1996,0
South and Central America (BP),,1997,0
South and Central America (BP),,1998,0
South and Central America (BP),,1999,0.002
South and Central America (BP),,2000,0.0045219998359680175
South and Central America (BP),,2001,0.007367000102996827
South and Central America (BP),,2002,0.00967099952697754
South and Central America (BP),,2003,0.012420000076293946
South and Central America (BP),,2004,0.01461299991607666
South and Central America (BP),,2005,0.01701300048828125
South and Central America (BP),,2006,0.022773000717163087
South and Central America (BP),,2007,0.02898200035095215
South and Central America (BP),,2008,0.03799700164794922
South and Central America (BP),,2009,0.062194000244140624
South and Central America (BP),,2010,0.11973899841308594
South and Central America (BP),,2011,0.18816200256347657
South and Central America (BP),,2012,0.36550299072265624
South and Central America (BP),,2013,0.4793380126953125
South and Central America (BP),,2014,0.8075150146484376
South and Central America (BP),,2015,1.9029189453125
South and Central America (BP),,2016,2.756455078125
South and Central America (BP),,2017,5.28281494140625
South and Central America (BP),,2018,7.50827392578125
South and Central America (BP),,2019,11.024064453125
South and Central America (BP),,2020,15.5440966796875
South and Central America (BP),,2021,22.816423828125
Spain,ESP,1996,0.001
Spain,ESP,1997,0.001
Spain,ESP,1998,0.001
Spain,ESP,1999,0.002
Spain,ESP,2000,0.01
Spain,ESP,2001,0.013000000000000001
Spain,ESP,2002,0.017
Spain,ESP,2003,0.022
Spain,ESP,2004,0.033
Spain,ESP,2005,0.052000000000000005
Spain,ESP,2006,0.13
Spain,ESP,2007,0.494
Spain,ESP,2008,3.384
Spain,ESP,2009,3.423
Spain,ESP,2010,3.873
Spain,ESP,2011,4.283
Spain,ESP,2012,4.569
Spain,ESP,2013,4.69
Spain,ESP,2014,4.697
Spain,ESP,2015,4.704
Spain,ESP,2016,4.713
Spain,ESP,2017,4.723
Spain,ESP,2018,4.76360693359375
Spain,ESP,2019,8.8392529296875
Spain,ESP,2020,10.2854765625
Spain,ESP,2021,13.6484765625
Sweden,SWE,1996,0.002
Sweden,SWE,1997,0.002
Sweden,SWE,1998,0.002
Sweden,SWE,1999,0.003
Sweden,SWE,2000,0.003
Sweden,SWE,2001,0.003
Sweden,SWE,2002,0.003
Sweden,SWE,2003,0.004
Sweden,SWE,2004,0.004
Sweden,SWE,2005,0.004
Sweden,SWE,2006,0.005
Sweden,SWE,2007,0.006
Sweden,SWE,2008,0.008
Sweden,SWE,2009,0.009000000000000001
Sweden,SWE,2010,0.011
Sweden,SWE,2011,0.012
Sweden,SWE,2012,0.024
Sweden,SWE,2013,0.043000000000000003
Sweden,SWE,2014,0.06
Sweden,SWE,2015,0.10400000000000001
Sweden,SWE,2016,0.153
Sweden,SWE,2017,0.244
Sweden,SWE,2018,0.428
Sweden,SWE,2019,0.714
Sweden,SWE,2020,1.107
Sweden,SWE,2021,1.5774000244140625
Switzerland,CHE,1996,0.008
Switzerland,CHE,1997,0.01
Switzerland,CHE,1998,0.012
Switzerland,CHE,1999,0.013000000000000001
Switzerland,CHE,2000,0.016
Switzerland,CHE,2001,0.018000000000000002
Switzerland,CHE,2002,0.02
Switzerland,CHE,2003,0.022
Switzerland,CHE,2004,0.024
Switzerland,CHE,2005,0.028
Switzerland,CHE,2006,0.03
Switzerland,CHE,2007,0.037
Switzerland,CHE,2008,0.049
Switzerland,CHE,2009,0.079
Switzerland,CHE,2010,0.125
Switzerland,CHE,2011,0.223
Switzerland,CHE,2012,0.437
Switzerland,CHE,2013,0.756
Switzerland,CHE,2014,1.061
Switzerland,CHE,2015,1.3940000000000001
Switzerland,CHE,2016,1.6640000000000001
Switzerland,CHE,2017,1.9060000000000001
Switzerland,CHE,2018,2.173
Switzerland,CHE,2019,2.498
Switzerland,CHE,2020,2.9733898925781252
Switzerland,CHE,2021,3.448780029296875
Taiwan,TWN,1996,0
Taiwan,TWN,1997,0
Taiwan,TWN,1998,0
Taiwan,TWN,1999,0
Taiwan,TWN,2000,0.00010000000149011613
Taiwan,TWN,2001,0.00020000000298023225
Taiwan,TWN,2002,0.00033000001311302184
Taiwan,TWN,2003,0.00044999998807907106
Taiwan,TWN,2004,0.0005699999928474427
Taiwan,TWN,2005,0.0010399999618530273
Taiwan,TWN,2006,0.001409999966621399
Taiwan,TWN,2007,0.002440000057220459
Taiwan,TWN,2008,0.005579999923706055
Taiwan,TWN,2009,0.009510000228881836
Taiwan,TWN,2010,0.03455500030517578
Taiwan,TWN,2011,0.12991200256347657
Taiwan,TWN,2012,0.231281005859375
Taiwan,TWN,2013,0.40993798828125
Taiwan,TWN,2014,0.6359509887695313
Taiwan,TWN,2015,0.8842509765625001
Taiwan,TWN,2016,1.2450550537109375
Taiwan,TWN,2017,1.7677020263671874
Taiwan,TWN,2018,2.7381188964843752
Taiwan,TWN,2019,4.1495390625
Taiwan,TWN,2020,5.817205078125
Taiwan,TWN,2021,7.700212890625
Thailand,THA,1996,0
Thailand,THA,1997,0
Thailand,THA,1998,0
Thailand,THA,1999,0
Thailand,THA,2000,0
Thailand,THA,2001,0
Thailand,THA,2002,0
Thailand,THA,2003,0
Thailand,THA,2004,0
Thailand,THA,2005,0
Thailand,THA,2006,0.03040999984741211
Thailand,THA,2007,0.03225
Thailand,THA,2008,0.032349998474121094
Thailand,THA,2009,0.037
Thailand,THA,2010,0.048599998474121095
Thailand,THA,2011,0.07869999694824219
Thailand,THA,2012,0.37670001220703125
Thailand,THA,2013,0.8235
Thailand,THA,2014,1.2985
Thailand,THA,2015,1.4195999755859374
Thailand,THA,2016,2.44610009765625
Thailand,THA,2017,2.697260009765625
Thailand,THA,2018,2.96243994140625
Thailand,THA,2019,2.9826201171875
Thailand,THA,2020,2.9826201171875
Thailand,THA,2021,3.0436201171875
Turkey,TUR,1996,0
Turkey,TUR,1997,0
Turkey,TUR,1998,0
Turkey,TUR,1999,0
Turkey,TUR,2000,0.00010000000149011613
Turkey,TUR,2001,0.00030000001192092895
Turkey,TUR,2002,0.0006000000238418579
Turkey,TUR,2003,0.001
Turkey,TUR,2004,0.0015
Turkey,TUR,2005,0.002
Turkey,TUR,2006,0.0025
Turkey,TUR,2007,0.003
Turkey,TUR,2008,0.003700000047683716
Turkey,TUR,2009,0.0046999998092651365
Turkey,TUR,2010,0.0056999998092651365
Turkey,TUR,2011,0.0066999998092651366
Turkey,TUR,2012,0.011699999809265137
Turkey,TUR,2013,0.017700000762939455
Turkey,TUR,2014,0.04
Turkey,TUR,2015,0.249
Turkey,TUR,2016,0.833
Turkey,TUR,2017,3.420699951171875
Turkey,TUR,2018,5.06260791015625
Turkey,TUR,2019,5.9951547851562506
Turkey,TUR,2020,6.66735498046875
Turkey,TUR,2021,7.81555517578125
Ukraine,UKR,1996,0
Ukraine,UKR,1997,0
Ukraine,UKR,1998,0
Ukraine,UKR,1999,0
Ukraine,UKR,2000,0
Ukraine,UKR,2001,0
Ukraine,UKR,2002,0
Ukraine,UKR,2003,0
Ukraine,UKR,2004,0
Ukraine,UKR,2005,0
Ukraine,UKR,2006,0
Ukraine,UKR,2007,0
Ukraine,UKR,2008,0
Ukraine,UKR,2009,0
Ukraine,UKR,2010,0.0025
Ukraine,UKR,2011,0.1881999969482422
Ukraine,UKR,2012,0.3716000061035156
Ukraine,UKR,2013,0.7484000244140625
Ukraine,UKR,2014,0.8190999755859375
Ukraine,UKR,2015,0.8412000122070312
Ukraine,UKR,2016,0.9547000122070313
Ukraine,UKR,2017,1.2
Ukraine,UKR,2018,2.00268798828125
Ukraine,UKR,2019,5.93568798828125
Ukraine,UKR,2020,7.331
Ukraine,UKR,2021,8.062
United Arab Emirates,ARE,1996,0
United Arab Emirates,ARE,1997,0
United Arab Emirates,ARE,1998,0
United Arab Emirates,ARE,1999,0
United Arab Emirates,ARE,2000,0
United Arab Emirates,ARE,2001,0
United Arab Emirates,ARE,2002,0
United Arab Emirates,ARE,2003,0
United Arab Emirates,ARE,2004,0
United Arab Emirates,ARE,2005,0
United Arab Emirates,ARE,2006,0
United Arab Emirates,ARE,2007,0
United Arab Emirates,ARE,2008,0
United Arab Emirates,ARE,2009,0.010076000213623046
United Arab Emirates,ARE,2010,0.010826000213623047
United Arab Emirates,ARE,2011,0.01275100040435791
United Arab Emirates,ARE,2012,0.013206000328063966
United Arab Emirates,ARE,2013,0.025802000045776367
United Arab Emirates,ARE,2014,0.03317100143432617
United Arab Emirates,ARE,2015,0.03340599822998047
United Arab Emirates,ARE,2016,0.04040599822998047
United Arab Emirates,ARE,2017,0.25503599548339845
United Arab Emirates,ARE,2018,0.49830499267578127
United Arab Emirates,ARE,2019,1.8178699951171875
United Arab Emirates,ARE,2020,2.20539697265625
United Arab Emirates,ARE,2021,2.6050471191406253
United Kingdom,GBR,1996,0.00020000000298023225
United Kingdom,GBR,1997,0.0004000000059604645
United Kingdom,GBR,1998,0.0005
United Kingdom,GBR,1999,0.0008999999761581421
United Kingdom,GBR,2000,0.002
United Kingdom,GBR,2001,0.003
United Kingdom,GBR,2002,0.004
United Kingdom,GBR,2003,0.006
United Kingdom,GBR,2004,0.008
United Kingdom,GBR,2005,0.011
United Kingdom,GBR,2006,0.014
United Kingdom,GBR,2007,0.018000000000000002
United Kingdom,GBR,2008,0.023
United Kingdom,GBR,2009,0.027
United Kingdom,GBR,2010,0.095
United Kingdom,GBR,2011,1
United Kingdom,GBR,2012,1.7530000000000001
United Kingdom,GBR,2013,2.9370000000000003
United Kingdom,GBR,2014,5.5280000000000005
United Kingdom,GBR,2015,9.601218750000001
United Kingdom,GBR,2016,11.914
United Kingdom,GBR,2017,12.76
United Kingdom,GBR,2018,13.073
United Kingdom,GBR,2019,13.346
United Kingdom,GBR,2020,13.46248046875
United Kingdom,GBR,2021,13.689
United States,USA,1996,0.013899999618530274
United States,USA,1997,0.014600000381469727
United States,USA,1998,0.015199999809265136
United States,USA,1999,0.016600000381469728
United States,USA,2000,0.176
United States,USA,2001,0.213
United States,USA,2002,0.255
United States,USA,2003,0.293
United States,USA,2004,0.363
United States,USA,2005,0.493
United States,USA,2006,0.6980000000000001
United States,USA,2007,0.974
United States,USA,2008,1.153
United States,USA,2009,1.614
United States,USA,2010,2.9090000000000003
United States,USA,2011,5.172
United States,USA,2012,8.137
United States,USA,2013,11.759
United States,USA,2014,15.984
United States,USA,2015,21.684
United States,USA,2016,32.958
United States,USA,2017,41.357
United States,USA,2018,49.812
United States,USA,2019,59.068
United States,USA,2020,73.813703125
United States,USA,2021,93.713015625
Upper-middle-income countries,,1996,0.011
Upper-middle-income countries,,1997,0.0155
Upper-middle-income countries,,1998,0.021
Upper-middle-income countries,,1999,0.029
Upper-middle-income countries,,2000,0.047654998779296874
Upper-middle-income countries,,2001,0.05339699935913086
Upper-middle-income countries,,2002,0.07320700073242188
Upper-middle-income countries,,2003,0.08435700225830078
Upper-middle-income countries,,2004,0.09485900115966797
Upper-middle-income countries,,2005,0.15995899963378907
Upper-middle-income countries,,2006,0.20986900329589844
Upper-middle-income countries,,2007,0.2544889984130859
Upper-middle-income countries,,2008,0.30959500122070316
Upper-middle-income countries,,2009,0.48509500122070315
Upper-middle-income countries,,2010,1.134407958984375
Upper-middle-income countries,,2011,3.404217041015625
Upper-middle-income countries,,2012,8.2889130859375
Upper-middle-income countries,,2013,20.901484375
Upper-middle-income countries,,2014,33.5217734375
Upper-middle-income countries,,2015,49.48740234375
Upper-middle-income countries,,2016,86.917140625
Upper-middle-income countries,,2017,145.832734375
Upper-middle-income countries,,2018,196.807609375
Upper-middle-income countries,,2019,233.24031250000002
Upper-middle-income countries,,2020,289.18834375
Upper-middle-income countries,,2021,351.687625
Vietnam,VNM,2000,0.0000020000000949949025
Vietnam,VNM,2001,0.0001080000028014183
Vietnam,VNM,2002,0.0002360000014305115
Vietnam,VNM,2003,0.00040599998831748963
Vietnam,VNM,2004,0.000746999979019165
Vietnam,VNM,2005,0.0018849999904632568
Vietnam,VNM,2006,0.0034240000247955323
Vietnam,VNM,2007,0.0034240000247955323
Vietnam,VNM,2008,0.0034240000247955323
Vietnam,VNM,2009,0.003515000104904175
Vietnam,VNM,2010,0.00451800012588501
Vietnam,VNM,2011,0.00451800012588501
Vietnam,VNM,2012,0.00451800012588501
Vietnam,VNM,2013,0.00451800012588501
Vietnam,VNM,2014,0.005289999961853028
Vietnam,VNM,2015,0.005289999961853028
Vietnam,VNM,2016,0.005289999961853028
Vietnam,VNM,2017,0.007992000102996827
Vietnam,VNM,2018,0.10499199676513672
Vietnam,VNM,2019,4.993490234375
Vietnam,VNM,2020,16.660490234375
Vietnam,VNM,2021,16.660490234375
World,OWID_WRL,1996,0.17181242370605468
World,OWID_WRL,1997,0.23173727416992188
World,OWID_WRL,1998,0.30496212768554687
World,OWID_WRL,1999,0.42359939575195316
World,OWID_WRL,2000,0.8086690063476563
World,OWID_WRL,2001,1.0929859619140625
World,OWID_WRL,2002,1.4370589599609376
World,OWID_WRL,2003,1.965030029296875
World,OWID_WRL,2004,3.05197900390625
World,OWID_WRL,2005,4.548119140625
World,OWID_WRL,2006,6.09319287109375
World,OWID_WRL,2007,8.506465820312501
World,OWID_WRL,2008,14.729541015625001
World,OWID_WRL,2009,22.844466796875
World,OWID_WRL,2010,40.33780859375
World,OWID_WRL,2011,72.21596875
World,OWID_WRL,2012,101.745328125
World,OWID_WRL,2013,137.22696875
World,OWID_WRL,2014,175.617171875
World,OWID_WRL,2015,223.20359375
World,OWID_WRL,2016,295.22890625
World,OWID_WRL,2017,390.20653125
World,OWID_WRL,2018,483.0118125
World,OWID_WRL,2019,584.6856875
World,OWID_WRL,2020,710.281125
World,OWID_WRL,2021,843.0860625